comparison_group,group_a,group_b,metric,n_a,n_b,mean_a,mean_b,mean_diff,t_stat,p_value_normal_approx,significant_95
baseline_vs_scenario,baseline,false_positive,collision_risk_count,20,20,0,0,0,0.0,1.0,False
baseline_vs_scenario,baseline,false_positive,mission_success,20,20,1,1,0,0.0,1.0,False
baseline_vs_scenario,baseline,false_positive,avg_response_time_s,20,20,0.0013,0.0006,0.0006,0.5878,0.5567,False
baseline_vs_scenario,baseline,false_positive,rmse_position_error,20,20,0.6147,0.6284,-0.0137,-3.4208,0.0006,True
baseline_vs_scenario,baseline,false_negative,collision_risk_count,20,20,0,0,0,0.0,1.0,False
baseline_vs_scenario,baseline,false_negative,mission_success,20,20,1,1,0,0.0,1.0,False
baseline_vs_scenario,baseline,false_negative,avg_response_time_s,20,20,0.0013,0.0744,-0.0731,-8.9248,0.0,True
baseline_vs_scenario,baseline,false_negative,rmse_position_error,20,20,0.6147,0.6243,-0.0097,-1.7254,0.0844,False
baseline_vs_scenario,baseline,sensor_noise,collision_risk_count,20,20,0,0,0,0.0,1.0,False
baseline_vs_scenario,baseline,sensor_noise,mission_success,20,20,1,1,0,0.0,1.0,False
baseline_vs_scenario,baseline,sensor_noise,avg_response_time_s,20,20,0.0013,0.0013,0.0,0.0,1.0,False
baseline_vs_scenario,baseline,sensor_noise,rmse_position_error,20,20,0.6147,0.6249,-0.0102,-3.2534,0.0011,True
baseline_vs_scenario,baseline,latency,collision_risk_count,20,20,0,0,0,0.0,1.0,False
baseline_vs_scenario,baseline,latency,mission_success,20,20,1,1,0,0.0,1.0,False
baseline_vs_scenario,baseline,latency,avg_response_time_s,20,20,0.0013,1.0012,-0.9999,-821.183,0.0,True
baseline_vs_scenario,baseline,latency,rmse_position_error,20,20,0.6147,0.6088,0.0058,1.3133,0.1891,False
baseline_vs_scenario,baseline,sensor_dropout,collision_risk_count,20,20,0,0,0,0.0,1.0,False
baseline_vs_scenario,baseline,sensor_dropout,mission_success,20,20,1,1,0,0.0,1.0,False
baseline_vs_scenario,baseline,sensor_dropout,avg_response_time_s,20,20,0.0013,0.072,-0.0707,-2.7778,0.0055,True
baseline_vs_scenario,baseline,sensor_dropout,rmse_position_error,20,20,0.6147,0.6067,0.008,2.3183,0.0204,True
baseline_vs_scenario,baseline,confidence_error,collision_risk_count,20,20,0,0,0,0.0,1.0,False
baseline_vs_scenario,baseline,confidence_error,mission_success,20,20,1,1,0,0.0,1.0,False
baseline_vs_scenario,baseline,confidence_error,avg_response_time_s,20,20,0.0013,0.0013,0.0,0.0,1.0,False
baseline_vs_scenario,baseline,confidence_error,rmse_position_error,20,20,0.6147,0.6249,-0.0102,-3.2534,0.0011,True
baseline_vs_scenario,baseline,no_fusion_matched,collision_risk_count,20,20,0,0,0,0.0,1.0,False
baseline_vs_scenario,baseline,no_fusion_matched,mission_success,20,20,1,1,0,0.0,1.0,False
baseline_vs_scenario,baseline,no_fusion_matched,avg_response_time_s,20,20,0.0013,0.0432,-0.0419,-7.9189,0.0,True
baseline_vs_scenario,baseline,no_fusion_matched,rmse_position_error,20,20,0.6147,0.6253,-0.0106,-2.1145,0.0345,True
baseline_vs_scenario,baseline,naive_fusion,collision_risk_count,20,20,0,0,0,0.0,1.0,False
baseline_vs_scenario,baseline,naive_fusion,mission_success,20,20,1,1,0,0.0,1.0,False
baseline_vs_scenario,baseline,naive_fusion,avg_response_time_s,20,20,0.0013,0.0432,-0.0419,-7.9189,0.0,True
baseline_vs_scenario,baseline,naive_fusion,rmse_position_error,20,20,0.6147,0.6254,-0.0107,-2.008,0.0446,True
baseline_vs_scenario,baseline,trust_weighted_fusion,collision_risk_count,20,20,0,0,0,0.0,1.0,False
baseline_vs_scenario,baseline,trust_weighted_fusion,mission_success,20,20,1,1,0,0.0,1.0,False
baseline_vs_scenario,baseline,trust_weighted_fusion,avg_response_time_s,20,20,0.0013,0.0432,-0.0419,-7.9189,0.0,True
baseline_vs_scenario,baseline,trust_weighted_fusion,rmse_position_error,20,20,0.6147,0.625,-0.0104,-2.012,0.0442,True
baseline_vs_scenario,baseline,one_uav_obstacle,collision_risk_count,20,20,0,0,0,0.0,1.0,False
baseline_vs_scenario,baseline,one_uav_obstacle,mission_success,20,20,1,1,0,0.0,1.0,False
baseline_vs_scenario,baseline,one_uav_obstacle,avg_response_time_s,20,20,0.0013,0.0013,0.0,0.0,1.0,False
baseline_vs_scenario,baseline,one_uav_obstacle,rmse_position_error,20,20,0.6147,0.6249,-0.0102,-3.2534,0.0011,True
baseline_vs_scenario,baseline,multiple_obstacles,collision_risk_count,20,20,0,0,0,0.0,1.0,False
baseline_vs_scenario,baseline,multiple_obstacles,mission_success,20,20,1,1,0,0.0,1.0,False
baseline_vs_scenario,baseline,multiple_obstacles,avg_response_time_s,20,20,0.0013,0.0012,0.0001,0.0902,0.9282,False
baseline_vs_scenario,baseline,multiple_obstacles,rmse_position_error,20,20,0.6147,0.6011,0.0135,2.4464,0.0144,True
baseline_vs_scenario,baseline,two_crossing_targets,collision_risk_count,20,20,0,0,0,0.0,1.0,False
baseline_vs_scenario,baseline,two_crossing_targets,mission_success,20,20,1,1,0,0.0,1.0,False
baseline_vs_scenario,baseline,two_crossing_targets,avg_response_time_s,20,20,0.0013,0.0006,0.0007,0.6498,0.5158,False
baseline_vs_scenario,baseline,two_crossing_targets,rmse_position_error,20,0,,,,,,
baseline_vs_scenario,baseline,moving_obstacle_approaching_swarm,collision_risk_count,20,20,0,0,0,0.0,1.0,False
baseline_vs_scenario,baseline,moving_obstacle_approaching_swarm,mission_success,20,20,1,1,0,0.0,1.0,False
baseline_vs_scenario,baseline,moving_obstacle_approaching_swarm,avg_response_time_s,20,20,0.0013,0.0009,0.0004,0.3646,0.7154,False
baseline_vs_scenario,baseline,moving_obstacle_approaching_swarm,rmse_position_error,20,0,,,,,,
baseline_vs_scenario,baseline,target_temporarily_lost,collision_risk_count,20,20,0,0,0,0.0,1.0,False
baseline_vs_scenario,baseline,target_temporarily_lost,mission_success,20,20,1,1,0,0.0,1.0,False
baseline_vs_scenario,baseline,target_temporarily_lost,avg_response_time_s,20,20,0.0013,0.0007,0.0006,0.5282,0.5974,False
baseline_vs_scenario,baseline,target_temporarily_lost,rmse_position_error,20,0,,,,,,
baseline_vs_scenario,baseline,target_reappearing_after_dropout,collision_risk_count,20,20,0,4.05,-4.05,-4.597,0.0,True
baseline_vs_scenario,baseline,target_reappearing_after_dropout,mission_success,20,20,1,0.35,0.65,5.9402,0.0,True
baseline_vs_scenario,baseline,target_reappearing_after_dropout,avg_response_time_s,20,20,0.0013,0.0917,-0.0904,-1.8243,0.0681,False
baseline_vs_scenario,baseline,target_reappearing_after_dropout,rmse_position_error,20,0,,,,,,
baseline_vs_scenario,baseline,clutter_near_real_target,collision_risk_count,20,20,0,0,0,0.0,1.0,False
baseline_vs_scenario,baseline,clutter_near_real_target,mission_success,20,20,1,0.75,0.25,2.5166,0.0118,True
baseline_vs_scenario,baseline,clutter_near_real_target,avg_response_time_s,20,20,0.0013,0.0019,-0.0006,-0.3651,0.715,False
baseline_vs_scenario,baseline,clutter_near_real_target,rmse_position_error,20,0,,,,,,
baseline_vs_scenario,baseline,closely_spaced_targets,collision_risk_count,20,20,0,0,0,0.0,1.0,False
baseline_vs_scenario,baseline,closely_spaced_targets,mission_success,20,20,1,1,0,0.0,1.0,False
baseline_vs_scenario,baseline,closely_spaced_targets,avg_response_time_s,20,20,0.0013,0.0025,-0.0012,-0.8976,0.3694,False
baseline_vs_scenario,baseline,closely_spaced_targets,rmse_position_error,20,0,,,,,,
baseline_vs_scenario,baseline,env_clear,collision_risk_count,20,20,0,0,0,0.0,1.0,False
baseline_vs_scenario,baseline,env_clear,mission_success,20,20,1,1,0,0.0,1.0,False
baseline_vs_scenario,baseline,env_clear,avg_response_time_s,20,20,0.0013,0.0013,0.0,0.0,1.0,False
baseline_vs_scenario,baseline,env_clear,rmse_position_error,20,20,0.6147,0.5795,0.0352,9.0883,0.0,True
baseline_vs_scenario,baseline,env_low_visibility,collision_risk_count,20,20,0,0,0,0.0,1.0,False
baseline_vs_scenario,baseline,env_low_visibility,mission_success,20,20,1,1,0,0.0,1.0,False
baseline_vs_scenario,baseline,env_low_visibility,avg_response_time_s,20,20,0.0013,0.1164,-0.1152,-12.1101,0.0,True
baseline_vs_scenario,baseline,env_low_visibility,rmse_position_error,20,20,0.6147,0.6125,0.0022,0.3886,0.6975,False
baseline_vs_scenario,baseline,env_fog,collision_risk_count,20,20,0,0,0,0.0,1.0,False
baseline_vs_scenario,baseline,env_fog,mission_success,20,20,1,1,0,0.0,1.0,False
baseline_vs_scenario,baseline,env_fog,avg_response_time_s,20,20,0.0013,0.379,-0.3777,-15.7467,0.0,True
baseline_vs_scenario,baseline,env_fog,rmse_position_error,20,20,0.6147,0.657,-0.0423,-6.8376,0.0,True
baseline_vs_scenario,baseline,env_heavy_clutter,collision_risk_count,20,20,0,0,0,0.0,1.0,False
baseline_vs_scenario,baseline,env_heavy_clutter,mission_success,20,20,1,0,1,0.0,1.0,False
baseline_vs_scenario,baseline,env_heavy_clutter,avg_response_time_s,20,20,0.0013,0.0575,-0.0561,-13.8065,0.0,True
baseline_vs_scenario,baseline,env_heavy_clutter,rmse_position_error,20,20,0.6147,0.6538,-0.0391,-8.2151,0.0,True
baseline_vs_scenario,baseline,env_communication_delay,collision_risk_count,20,20,0,23.25,-23.25,-10.5153,0.0,True
baseline_vs_scenario,baseline,env_communication_delay,mission_success,20,20,1,0.05,0.95,19.0,0.0,True
baseline_vs_scenario,baseline,env_communication_delay,avg_response_time_s,20,20,0.0013,2.407,-2.4057,-719.7434,0.0,True
baseline_vs_scenario,baseline,env_communication_delay,rmse_position_error,20,20,0.6147,0.5538,0.0608,11.4917,0.0,True
baseline_vs_scenario,baseline,env_partial_sensor_failure,collision_risk_count,20,20,0,145.35,-145.35,-40.3433,0.0,True
baseline_vs_scenario,baseline,env_partial_sensor_failure,mission_success,20,20,1,0,1,0.0,1.0,False
baseline_vs_scenario,baseline,env_partial_sensor_failure,avg_response_time_s,20,20,0.0013,20.193,-20.1917,-16.1269,0.0,True
baseline_vs_scenario,baseline,env_partial_sensor_failure,rmse_position_error,20,17,0.6147,1.5704,-0.9557,-4.7449,0.0,True
baseline_vs_scenario,baseline,perfect_communication,collision_risk_count,20,20,0,0,0,0.0,1.0,False
baseline_vs_scenario,baseline,perfect_communication,mission_success,20,20,1,1,0,0.0,1.0,False
baseline_vs_scenario,baseline,perfect_communication,avg_response_time_s,20,20,0.0013,0.0432,-0.0419,-7.9189,0.0,True
baseline_vs_scenario,baseline,perfect_communication,rmse_position_error,20,20,0.6147,0.6258,-0.0112,-2.1339,0.0329,True
baseline_vs_scenario,baseline,low_packet_loss,collision_risk_count,20,20,0,0,0,0.0,1.0,False
baseline_vs_scenario,baseline,low_packet_loss,mission_success,20,20,1,1,0,0.0,1.0,False
baseline_vs_scenario,baseline,low_packet_loss,avg_response_time_s,20,20,0.0013,0.0432,-0.0419,-7.9189,0.0,True
baseline_vs_scenario,baseline,low_packet_loss,rmse_position_error,20,20,0.6147,0.6258,-0.0112,-2.1339,0.0329,True
baseline_vs_scenario,baseline,high_packet_loss,collision_risk_count,20,20,0,0,0,0.0,1.0,False
baseline_vs_scenario,baseline,high_packet_loss,mission_success,20,20,1,1,0,0.0,1.0,False
baseline_vs_scenario,baseline,high_packet_loss,avg_response_time_s,20,20,0.0013,0.0432,-0.0419,-7.9189,0.0,True
baseline_vs_scenario,baseline,high_packet_loss,rmse_position_error,20,20,0.6147,0.6258,-0.0112,-2.1339,0.0329,True
baseline_vs_scenario,baseline,short_communication_range,collision_risk_count,20,20,0,0,0,0.0,1.0,False
baseline_vs_scenario,baseline,short_communication_range,mission_success,20,20,1,1,0,0.0,1.0,False
baseline_vs_scenario,baseline,short_communication_range,avg_response_time_s,20,20,0.0013,0.0432,-0.0419,-7.9189,0.0,True
baseline_vs_scenario,baseline,short_communication_range,rmse_position_error,20,20,0.6147,0.6258,-0.0112,-2.1339,0.0329,True
baseline_vs_scenario,baseline,delayed_track_sharing,collision_risk_count,20,20,0,0,0,0.0,1.0,False
baseline_vs_scenario,baseline,delayed_track_sharing,mission_success,20,20,1,1,0,0.0,1.0,False
baseline_vs_scenario,baseline,delayed_track_sharing,avg_response_time_s,20,20,0.0013,0.0432,-0.0419,-7.9189,0.0,True
baseline_vs_scenario,baseline,delayed_track_sharing,rmse_position_error,20,20,0.6147,0.6258,-0.0112,-2.1339,0.0329,True
baseline_vs_scenario,baseline,communication_outage,collision_risk_count,20,20,0,0,0,0.0,1.0,False
baseline_vs_scenario,baseline,communication_outage,mission_success,20,20,1,1,0,0.0,1.0,False
baseline_vs_scenario,baseline,communication_outage,avg_response_time_s,20,20,0.0013,0.0432,-0.0419,-7.9189,0.0,True
baseline_vs_scenario,baseline,communication_outage,rmse_position_error,20,20,0.6147,0.6258,-0.0112,-2.1339,0.0329,True
baseline_vs_scenario,baseline,faulty_sensor_naive_fusion,collision_risk_count,20,20,0,0.3,-0.3,-1.453,0.1462,False
baseline_vs_scenario,baseline,faulty_sensor_naive_fusion,mission_success,20,20,1,0.9,0.1,1.453,0.1462,False
baseline_vs_scenario,baseline,faulty_sensor_naive_fusion,avg_response_time_s,20,20,0.0013,0.0013,0.0,0.0,1.0,False
baseline_vs_scenario,baseline,faulty_sensor_naive_fusion,rmse_position_error,20,20,0.6147,1.8265,-1.2119,-130.7089,0.0,True
baseline_vs_scenario,baseline,faulty_sensor_confidence_weighted_fusion,collision_risk_count,20,20,0,0.65,-0.65,-1.4118,0.158,False
baseline_vs_scenario,baseline,faulty_sensor_confidence_weighted_fusion,mission_success,20,20,1,0.9,0.1,1.453,0.1462,False
baseline_vs_scenario,baseline,faulty_sensor_confidence_weighted_fusion,avg_response_time_s,20,20,0.0013,0.0013,0.0,0.0,1.0,False
baseline_vs_scenario,baseline,faulty_sensor_confidence_weighted_fusion,rmse_position_error,20,20,0.6147,1.8146,-1.1999,-124.7002,0.0,True
baseline_vs_scenario,baseline,faulty_sensor_trust_weighted_fusion_fixed,collision_risk_count,20,20,0,0.8,-0.8,-1.5502,0.1211,False
baseline_vs_scenario,baseline,faulty_sensor_trust_weighted_fusion_fixed,mission_success,20,20,1,0.8,0.2,2.1794,0.0293,True
baseline_vs_scenario,baseline,faulty_sensor_trust_weighted_fusion_fixed,avg_response_time_s,20,20,0.0013,0.0013,0.0,0.0,1.0,False
baseline_vs_scenario,baseline,faulty_sensor_trust_weighted_fusion_fixed,rmse_position_error,20,20,0.6147,1.8064,-1.1918,-98.3571,0.0,True
baseline_vs_scenario,baseline,faulty_sensor_trust_weighted_fusion_dynamic,collision_risk_count,20,20,0,1.2,-1.2,-2.1248,0.0336,True
baseline_vs_scenario,baseline,faulty_sensor_trust_weighted_fusion_dynamic,mission_success,20,20,1,0.8,0.2,2.1794,0.0293,True
baseline_vs_scenario,baseline,faulty_sensor_trust_weighted_fusion_dynamic,avg_response_time_s,20,20,0.0013,0.0013,0.0,0.0,1.0,False
baseline_vs_scenario,baseline,faulty_sensor_trust_weighted_fusion_dynamic,rmse_position_error,20,20,0.6147,1.8045,-1.1898,-107.5935,0.0,True
baseline_vs_scenario,baseline,faulty_sensor_covariance_weighted_fusion,collision_risk_count,20,20,0,0.95,-0.95,-1.9005,0.0574,False
baseline_vs_scenario,baseline,faulty_sensor_covariance_weighted_fusion,mission_success,20,20,1,0.8,0.2,2.1794,0.0293,True
baseline_vs_scenario,baseline,faulty_sensor_covariance_weighted_fusion,avg_response_time_s,20,20,0.0013,0.0013,0.0,0.0,1.0,False
baseline_vs_scenario,baseline,faulty_sensor_covariance_weighted_fusion,rmse_position_error,20,20,0.6147,1.8267,-1.212,-123.4646,0.0,True
baseline_vs_scenario,baseline,very_low_P_D,collision_risk_count,20,20,0,47.95,-47.95,-9.5825,0.0,True
baseline_vs_scenario,baseline,very_low_P_D,mission_success,20,20,1,0,1,0.0,1.0,False
baseline_vs_scenario,baseline,very_low_P_D,avg_response_time_s,20,20,0.0013,1.6714,-1.6701,-18.2154,0.0,True
baseline_vs_scenario,baseline,very_low_P_D,rmse_position_error,20,20,0.6147,0.8041,-0.1895,-1.7178,0.0858,False
baseline_vs_scenario,baseline,very_high_P_FA,collision_risk_count,20,20,0,0,0,0.0,1.0,False
baseline_vs_scenario,baseline,very_high_P_FA,mission_success,20,20,1,1,0,0.0,1.0,False
baseline_vs_scenario,baseline,very_high_P_FA,avg_response_time_s,20,20,0.0013,0.0013,0.0,0.0,1.0,False
baseline_vs_scenario,baseline,very_high_P_FA,rmse_position_error,20,20,0.6147,0.6215,-0.0069,-1.8413,0.0656,False
baseline_vs_scenario,baseline,high_clutter,collision_risk_count,20,20,0,0,0,0.0,1.0,False
baseline_vs_scenario,baseline,high_clutter,mission_success,20,20,1,1,0,0.0,1.0,False
baseline_vs_scenario,baseline,high_clutter,avg_response_time_s,20,20,0.0013,0.0019,-0.0006,-0.3651,0.715,False
baseline_vs_scenario,baseline,high_clutter,rmse_position_error,20,20,0.6147,0.6281,-0.0134,-3.5862,0.0003,True
baseline_vs_scenario,baseline,high_latency,collision_risk_count,20,20,0,55.85,-55.85,-335.1882,0.0,True
baseline_vs_scenario,baseline,high_latency,mission_success,20,20,1,0,1,0.0,1.0,False
baseline_vs_scenario,baseline,high_latency,avg_response_time_s,20,20,0.0013,8.0006,-7.9993,-7425.4792,0.0,True
baseline_vs_scenario,baseline,high_latency,rmse_position_error,20,20,0.6147,0.8203,-0.2057,-6.1788,0.0,True
baseline_vs_scenario,baseline,high_dropout,collision_risk_count,20,20,0,118.2,-118.2,-33.3158,0.0,True
baseline_vs_scenario,baseline,high_dropout,mission_success,20,20,1,0,1,0.0,1.0,False
baseline_vs_scenario,baseline,high_dropout,avg_response_time_s,20,20,0.0013,8.7396,-8.7383,-15.4602,0.0,True
baseline_vs_scenario,baseline,high_dropout,rmse_position_error,20,20,0.6147,0.7911,-0.1764,-1.7129,0.0867,False
baseline_vs_scenario,baseline,simultaneous_sensor_failures,collision_risk_count,20,20,0,154.45,-154.45,-33.902,0.0,True
baseline_vs_scenario,baseline,simultaneous_sensor_failures,mission_success,20,20,1,0,1,0.0,1.0,False
baseline_vs_scenario,baseline,simultaneous_sensor_failures,avg_response_time_s,20,20,0.0013,25.0511,-25.0497,-28.9316,0.0,True
baseline_vs_scenario,baseline,simultaneous_sensor_failures,rmse_position_error,20,17,0.6147,0.611,0.0036,0.0407,0.9676,False
baseline_vs_scenario,baseline,target_crossing,collision_risk_count,20,20,0,0,0,0.0,1.0,False
baseline_vs_scenario,baseline,target_crossing,mission_success,20,20,1,1,0,0.0,1.0,False
baseline_vs_scenario,baseline,target_crossing,avg_response_time_s,20,20,0.0013,0.0013,0.0,0.0,1.0,False
baseline_vs_scenario,baseline,target_crossing,rmse_position_error,20,20,0.6147,0.6232,-0.0086,-2.3203,0.0203,True
baseline_vs_scenario,baseline,sudden_target_appearance,collision_risk_count,20,20,0,0,0,0.0,1.0,False
baseline_vs_scenario,baseline,sudden_target_appearance,mission_success,20,20,1,0.9,0.1,1.453,0.1462,False
baseline_vs_scenario,baseline,sudden_target_appearance,avg_response_time_s,20,20,0.0013,0.0019,-0.0006,-0.2857,0.7751,False
baseline_vs_scenario,baseline,sudden_target_appearance,rmse_position_error,20,20,0.6147,0.6287,-0.014,-3.2123,0.0013,True
baseline_vs_scenario,baseline,rapidly_moving_obstacle,collision_risk_count,20,20,0,8.5,-8.5,-2.0848,0.0371,True
baseline_vs_scenario,baseline,rapidly_moving_obstacle,mission_success,20,20,1,0.2,0.8,8.7178,0.0,True
baseline_vs_scenario,baseline,rapidly_moving_obstacle,avg_response_time_s,20,20,0.0013,2.1831,-2.1818,-77.2743,0.0,True
baseline_vs_scenario,baseline,rapidly_moving_obstacle,rmse_position_error,20,20,0.6147,2.2036,-1.5889,-77.3416,0.0,True
baseline_vs_scenario,baseline,overconfident_faulty_sensor,collision_risk_count,20,20,0,3.05,-3.05,-4.3253,0.0,True
baseline_vs_scenario,baseline,overconfident_faulty_sensor,mission_success,20,20,1,0.3,0.7,6.6583,0.0,True
baseline_vs_scenario,baseline,overconfident_faulty_sensor,avg_response_time_s,20,20,0.0013,1.3634,-1.362,-53.9719,0.0,True
baseline_vs_scenario,baseline,overconfident_faulty_sensor,rmse_position_error,20,20,0.6147,0.6108,0.0038,0.7593,0.4477,False
baseline_vs_scenario,baseline,wrong_trust_assignment,collision_risk_count,20,20,0,5.8,-5.8,-6.7185,0.0,True
baseline_vs_scenario,baseline,wrong_trust_assignment,mission_success,20,20,1,0.1,0.9,13.0767,0.0,True
baseline_vs_scenario,baseline,wrong_trust_assignment,avg_response_time_s,20,20,0.0013,2.2407,-2.2393,-56.0327,0.0,True
baseline_vs_scenario,baseline,wrong_trust_assignment,rmse_position_error,20,20,0.6147,0.5795,0.0352,5.1796,0.0,True
baseline_vs_scenario,baseline,correctly_calibrated_radar,collision_risk_count,20,20,0,0,0,0.0,1.0,False
baseline_vs_scenario,baseline,correctly_calibrated_radar,mission_success,20,20,1,1,0,0.0,1.0,False
baseline_vs_scenario,baseline,correctly_calibrated_radar,avg_response_time_s,20,20,0.0013,0.0314,-0.0301,-5.7616,0.0,True
baseline_vs_scenario,baseline,correctly_calibrated_radar,rmse_position_error,20,20,0.6147,0.6656,-0.0509,-9.187,0.0,True
baseline_vs_scenario,baseline,mildly_overconfident_radar,collision_risk_count,20,20,0,0,0,0.0,1.0,False
baseline_vs_scenario,baseline,mildly_overconfident_radar,mission_success,20,20,1,1,0,0.0,1.0,False
baseline_vs_scenario,baseline,mildly_overconfident_radar,avg_response_time_s,20,20,0.0013,0.0314,-0.0301,-5.7616,0.0,True
baseline_vs_scenario,baseline,mildly_overconfident_radar,rmse_position_error,20,20,0.6147,0.6664,-0.0517,-9.4649,0.0,True
baseline_vs_scenario,baseline,severely_overconfident_radar,collision_risk_count,20,20,0,0,0,0.0,1.0,False
baseline_vs_scenario,baseline,severely_overconfident_radar,mission_success,20,20,1,1,0,0.0,1.0,False
baseline_vs_scenario,baseline,severely_overconfident_radar,avg_response_time_s,20,20,0.0013,0.0314,-0.0301,-5.7616,0.0,True
baseline_vs_scenario,baseline,severely_overconfident_radar,rmse_position_error,20,20,0.6147,0.6665,-0.0518,-9.6119,0.0,True
baseline_vs_scenario,baseline,underconfident_radar,collision_risk_count,20,20,0,0,0,0.0,1.0,False
baseline_vs_scenario,baseline,underconfident_radar,mission_success,20,20,1,1,0,0.0,1.0,False
baseline_vs_scenario,baseline,underconfident_radar,avg_response_time_s,20,20,0.0013,0.0314,-0.0301,-5.7616,0.0,True
baseline_vs_scenario,baseline,underconfident_radar,rmse_position_error,20,20,0.6147,0.665,-0.0504,-8.4651,0.0,True
baseline_vs_scenario,baseline,high_confidence_false_alarms,collision_risk_count,20,20,0,0,0,0.0,1.0,False
baseline_vs_scenario,baseline,high_confidence_false_alarms,mission_success,20,20,1,1,0,0.0,1.0,False
baseline_vs_scenario,baseline,high_confidence_false_alarms,avg_response_time_s,20,20,0.0013,0.0296,-0.0283,-4.7968,0.0,True
baseline_vs_scenario,baseline,high_confidence_false_alarms,rmse_position_error,20,20,0.6147,0.6678,-0.0531,-12.2345,0.0,True
baseline_vs_scenario,baseline,high_confidence_incorrect_tracks,collision_risk_count,20,20,0,0.15,-0.15,-1.0,0.3173,False
baseline_vs_scenario,baseline,high_confidence_incorrect_tracks,mission_success,20,20,1,0.95,0.05,1.0,0.3173,False
baseline_vs_scenario,baseline,high_confidence_incorrect_tracks,avg_response_time_s,20,20,0.0013,0.032,-0.0307,-5.9636,0.0,True
baseline_vs_scenario,baseline,high_confidence_incorrect_tracks,rmse_position_error,20,20,0.6147,1.8941,-1.2794,-81.6825,0.0,True
baseline_vs_scenario,baseline,low_confidence_correct_detections,collision_risk_count,20,20,0,0,0,0.0,1.0,False
baseline_vs_scenario,baseline,low_confidence_correct_detections,mission_success,20,20,1,1,0,0.0,1.0,False
baseline_vs_scenario,baseline,low_confidence_correct_detections,avg_response_time_s,20,20,0.0013,0.005,-0.0037,-1.2809,0.2002,False
baseline_vs_scenario,baseline,low_confidence_correct_detections,rmse_position_error,20,20,0.6147,0.5498,0.0648,15.9416,0.0,True
baseline_vs_scenario,baseline,registration_perfect,collision_risk_count,20,20,0,0,0,0.0,1.0,False
baseline_vs_scenario,baseline,registration_perfect,mission_success,20,20,1,1,0,0.0,1.0,False
baseline_vs_scenario,baseline,registration_perfect,avg_response_time_s,20,20,0.0013,0.0013,0.0,0.0,1.0,False
baseline_vs_scenario,baseline,registration_perfect,rmse_position_error,20,20,0.6147,0.6189,-0.0042,-1.121,0.2623,False
baseline_vs_scenario,baseline,registration_small_error,collision_risk_count,20,20,0,0,0,0.0,1.0,False
baseline_vs_scenario,baseline,registration_small_error,mission_success,20,20,1,1,0,0.0,1.0,False
baseline_vs_scenario,baseline,registration_small_error,avg_response_time_s,20,20,0.0013,0.0013,0.0,0.0,1.0,False
baseline_vs_scenario,baseline,registration_small_error,rmse_position_error,20,20,0.6147,0.6189,-0.0042,-1.121,0.2623,False
baseline_vs_scenario,baseline,registration_medium_error,collision_risk_count,20,20,0,0,0,0.0,1.0,False
baseline_vs_scenario,baseline,registration_medium_error,mission_success,20,20,1,1,0,0.0,1.0,False
baseline_vs_scenario,baseline,registration_medium_error,avg_response_time_s,20,20,0.0013,0.0013,0.0,0.0,1.0,False
baseline_vs_scenario,baseline,registration_medium_error,rmse_position_error,20,20,0.6147,0.6189,-0.0042,-1.121,0.2623,False
baseline_vs_scenario,baseline,registration_severe_error,collision_risk_count,20,20,0,0,0,0.0,1.0,False
baseline_vs_scenario,baseline,registration_severe_error,mission_success,20,20,1,1,0,0.0,1.0,False
baseline_vs_scenario,baseline,registration_severe_error,avg_response_time_s,20,20,0.0013,0.0013,0.0,0.0,1.0,False
baseline_vs_scenario,baseline,registration_severe_error,rmse_position_error,20,20,0.6147,0.6189,-0.0042,-1.121,0.2623,False
baseline_vs_scenario,baseline,registration_drifting_error,collision_risk_count,20,20,0,0,0,0.0,1.0,False
baseline_vs_scenario,baseline,registration_drifting_error,mission_success,20,20,1,1,0,0.0,1.0,False
baseline_vs_scenario,baseline,registration_drifting_error,avg_response_time_s,20,20,0.0013,0.0013,0.0,0.0,1.0,False
baseline_vs_scenario,baseline,registration_drifting_error,rmse_position_error,20,20,0.6147,0.6189,-0.0042,-1.121,0.2623,False
baseline_vs_scenario,baseline,safety_margin_fixed,collision_risk_count,20,20,0,0,0,0.0,1.0,False
baseline_vs_scenario,baseline,safety_margin_fixed,mission_success,20,20,1,1,0,0.0,1.0,False
baseline_vs_scenario,baseline,safety_margin_fixed,avg_response_time_s,20,20,0.0013,0.0982,-0.0969,-11.3706,0.0,True
baseline_vs_scenario,baseline,safety_margin_fixed,rmse_position_error,20,20,0.6147,0.6289,-0.0142,-3.4281,0.0006,True
baseline_vs_scenario,baseline,safety_margin_covariance,collision_risk_count,20,20,0,0,0,0.0,1.0,False
baseline_vs_scenario,baseline,safety_margin_covariance,mission_success,20,20,1,0.15,0.85,10.3763,0.0,True
baseline_vs_scenario,baseline,safety_margin_covariance,avg_response_time_s,20,20,0.0013,0.1033,-0.1021,-12.2577,0.0,True
baseline_vs_scenario,baseline,safety_margin_covariance,rmse_position_error,20,20,0.6147,0.661,-0.0463,-9.3247,0.0,True
baseline_vs_scenario,baseline,safety_margin_confidence,collision_risk_count,20,20,0,0.15,-0.15,-1.3708,0.1704,False
baseline_vs_scenario,baseline,safety_margin_confidence,mission_success,20,20,1,0.8,0.2,2.1794,0.0293,True
baseline_vs_scenario,baseline,safety_margin_confidence,avg_response_time_s,20,20,0.0013,0.1046,-0.1033,-7.8072,0.0,True
baseline_vs_scenario,baseline,safety_margin_confidence,rmse_position_error,20,20,0.6147,0.6397,-0.0251,-4.0978,0.0,True
baseline_vs_scenario,baseline,safety_margin_quality_monitor,collision_risk_count,20,20,0,0.95,-0.95,-2.2979,0.0216,True
baseline_vs_scenario,baseline,safety_margin_quality_monitor,mission_success,20,20,1,0.2,0.8,8.7178,0.0,True
baseline_vs_scenario,baseline,safety_margin_quality_monitor,avg_response_time_s,20,20,0.0013,0.389,-0.3876,-14.0789,0.0,True
baseline_vs_scenario,baseline,safety_margin_quality_monitor,rmse_position_error,20,20,0.6147,0.6168,-0.0021,-0.4261,0.67,False
core_fusion_modes,no_fusion_matched,naive_fusion,collision_risk_count,20,20,0,0,0,0.0,1.0,False
core_fusion_modes,no_fusion_matched,naive_fusion,mission_success,20,20,1,1,0,0.0,1.0,False
core_fusion_modes,no_fusion_matched,naive_fusion,avg_response_time_s,20,20,0.0432,0.0432,0.0,0.0,1.0,False
core_fusion_modes,no_fusion_matched,naive_fusion,rmse_position_error,20,20,0.6253,0.6254,-0.0001,-0.0182,0.9855,False
core_fusion_modes,no_fusion_matched,trust_weighted_fusion,collision_risk_count,20,20,0,0,0,0.0,1.0,False
core_fusion_modes,no_fusion_matched,trust_weighted_fusion,mission_success,20,20,1,1,0,0.0,1.0,False
core_fusion_modes,no_fusion_matched,trust_weighted_fusion,avg_response_time_s,20,20,0.0432,0.0432,0.0,0.0,1.0,False
core_fusion_modes,no_fusion_matched,trust_weighted_fusion,rmse_position_error,20,20,0.6253,0.625,0.0002,0.0381,0.9696,False
core_fusion_modes,naive_fusion,trust_weighted_fusion,collision_risk_count,20,20,0,0,0,0.0,1.0,False
core_fusion_modes,naive_fusion,trust_weighted_fusion,mission_success,20,20,1,1,0,0.0,1.0,False
core_fusion_modes,naive_fusion,trust_weighted_fusion,avg_response_time_s,20,20,0.0432,0.0432,0.0,0.0,1.0,False
core_fusion_modes,naive_fusion,trust_weighted_fusion,rmse_position_error,20,20,0.6254,0.625,0.0004,0.0545,0.9565,False
faulty_sensor_fusion_modes,faulty_sensor_naive_fusion,faulty_sensor_confidence_weighted_fusion,collision_risk_count,20,20,0.3,0.65,-0.35,-0.6936,0.4879,False
faulty_sensor_fusion_modes,faulty_sensor_naive_fusion,faulty_sensor_confidence_weighted_fusion,mission_success,20,20,0.9,0.9,0.0,0.0,1.0,False
faulty_sensor_fusion_modes,faulty_sensor_naive_fusion,faulty_sensor_confidence_weighted_fusion,avg_response_time_s,20,20,0.0013,0.0013,0.0,0.0,1.0,False
faulty_sensor_fusion_modes,faulty_sensor_naive_fusion,faulty_sensor_confidence_weighted_fusion,rmse_position_error,20,20,1.8265,1.8146,0.0119,0.9192,0.358,False
faulty_sensor_fusion_modes,faulty_sensor_naive_fusion,faulty_sensor_trust_weighted_fusion_fixed,collision_risk_count,20,20,0.3,0.8,-0.5,-0.8996,0.3684,False
faulty_sensor_fusion_modes,faulty_sensor_naive_fusion,faulty_sensor_trust_weighted_fusion_fixed,mission_success,20,20,0.9,0.8,0.1,0.8718,0.3833,False
faulty_sensor_fusion_modes,faulty_sensor_naive_fusion,faulty_sensor_trust_weighted_fusion_fixed,avg_response_time_s,20,20,0.0013,0.0013,0.0,0.0,1.0,False
faulty_sensor_fusion_modes,faulty_sensor_naive_fusion,faulty_sensor_trust_weighted_fusion_fixed,rmse_position_error,20,20,1.8265,1.8064,0.0201,1.3475,0.1778,False
faulty_sensor_fusion_modes,faulty_sensor_naive_fusion,faulty_sensor_trust_weighted_fusion_dynamic,collision_risk_count,20,20,0.3,1.2,-0.9,-1.4967,0.1345,False
faulty_sensor_fusion_modes,faulty_sensor_naive_fusion,faulty_sensor_trust_weighted_fusion_dynamic,mission_success,20,20,0.9,0.8,0.1,0.8718,0.3833,False
faulty_sensor_fusion_modes,faulty_sensor_naive_fusion,faulty_sensor_trust_weighted_fusion_dynamic,avg_response_time_s,20,20,0.0013,0.0013,0.0,0.0,1.0,False
faulty_sensor_fusion_modes,faulty_sensor_naive_fusion,faulty_sensor_trust_weighted_fusion_dynamic,rmse_position_error,20,20,1.8265,1.8045,0.022,1.565,0.1176,False
faulty_sensor_fusion_modes,faulty_sensor_naive_fusion,faulty_sensor_covariance_weighted_fusion,collision_risk_count,20,20,0.3,0.95,-0.65,-1.2019,0.2294,False
faulty_sensor_fusion_modes,faulty_sensor_naive_fusion,faulty_sensor_covariance_weighted_fusion,mission_success,20,20,0.9,0.8,0.1,0.8718,0.3833,False
faulty_sensor_fusion_modes,faulty_sensor_naive_fusion,faulty_sensor_covariance_weighted_fusion,avg_response_time_s,20,20,0.0013,0.0013,0.0,0.0,1.0,False
faulty_sensor_fusion_modes,faulty_sensor_naive_fusion,faulty_sensor_covariance_weighted_fusion,rmse_position_error,20,20,1.8265,1.8267,-0.0002,-0.0141,0.9887,False
faulty_sensor_fusion_modes,faulty_sensor_confidence_weighted_fusion,faulty_sensor_trust_weighted_fusion_fixed,collision_risk_count,20,20,0.65,0.8,-0.15,-0.2169,0.8283,False
faulty_sensor_fusion_modes,faulty_sensor_confidence_weighted_fusion,faulty_sensor_trust_weighted_fusion_fixed,mission_success,20,20,0.9,0.8,0.1,0.8718,0.3833,False
faulty_sensor_fusion_modes,faulty_sensor_confidence_weighted_fusion,faulty_sensor_trust_weighted_fusion_fixed,avg_response_time_s,20,20,0.0013,0.0013,0.0,0.0,1.0,False
faulty_sensor_fusion_modes,faulty_sensor_confidence_weighted_fusion,faulty_sensor_trust_weighted_fusion_fixed,rmse_position_error,20,20,1.8146,1.8064,0.0082,0.5402,0.5891,False
faulty_sensor_fusion_modes,faulty_sensor_confidence_weighted_fusion,faulty_sensor_trust_weighted_fusion_dynamic,collision_risk_count,20,20,0.65,1.2,-0.55,-0.7548,0.4504,False
faulty_sensor_fusion_modes,faulty_sensor_confidence_weighted_fusion,faulty_sensor_trust_weighted_fusion_dynamic,mission_success,20,20,0.9,0.8,0.1,0.8718,0.3833,False
faulty_sensor_fusion_modes,faulty_sensor_confidence_weighted_fusion,faulty_sensor_trust_weighted_fusion_dynamic,avg_response_time_s,20,20,0.0013,0.0013,0.0,0.0,1.0,False
faulty_sensor_fusion_modes,faulty_sensor_confidence_weighted_fusion,faulty_sensor_trust_weighted_fusion_dynamic,rmse_position_error,20,20,1.8146,1.8045,0.0101,0.7059,0.4803,False
faulty_sensor_fusion_modes,faulty_sensor_confidence_weighted_fusion,faulty_sensor_covariance_weighted_fusion,collision_risk_count,20,20,0.65,0.95,-0.3,-0.4414,0.6589,False
faulty_sensor_fusion_modes,faulty_sensor_confidence_weighted_fusion,faulty_sensor_covariance_weighted_fusion,mission_success,20,20,0.9,0.8,0.1,0.8718,0.3833,False
faulty_sensor_fusion_modes,faulty_sensor_confidence_weighted_fusion,faulty_sensor_covariance_weighted_fusion,avg_response_time_s,20,20,0.0013,0.0013,0.0,0.0,1.0,False
faulty_sensor_fusion_modes,faulty_sensor_confidence_weighted_fusion,faulty_sensor_covariance_weighted_fusion,rmse_position_error,20,20,1.8146,1.8267,-0.0121,-0.9058,0.365,False
faulty_sensor_fusion_modes,faulty_sensor_trust_weighted_fusion_fixed,faulty_sensor_trust_weighted_fusion_dynamic,collision_risk_count,20,20,0.8,1.2,-0.4,-0.5229,0.6011,False
faulty_sensor_fusion_modes,faulty_sensor_trust_weighted_fusion_fixed,faulty_sensor_trust_weighted_fusion_dynamic,mission_success,20,20,0.8,0.8,0.0,0.0,1.0,False
faulty_sensor_fusion_modes,faulty_sensor_trust_weighted_fusion_fixed,faulty_sensor_trust_weighted_fusion_dynamic,avg_response_time_s,20,20,0.0013,0.0013,0.0,0.0,1.0,False
faulty_sensor_fusion_modes,faulty_sensor_trust_weighted_fusion_fixed,faulty_sensor_trust_weighted_fusion_dynamic,rmse_position_error,20,20,1.8064,1.8045,0.0019,0.1194,0.905,False
faulty_sensor_fusion_modes,faulty_sensor_trust_weighted_fusion_fixed,faulty_sensor_covariance_weighted_fusion,collision_risk_count,20,20,0.8,0.95,-0.15,-0.2088,0.8346,False
faulty_sensor_fusion_modes,faulty_sensor_trust_weighted_fusion_fixed,faulty_sensor_covariance_weighted_fusion,mission_success,20,20,0.8,0.8,0.0,0.0,1.0,False
faulty_sensor_fusion_modes,faulty_sensor_trust_weighted_fusion_fixed,faulty_sensor_covariance_weighted_fusion,avg_response_time_s,20,20,0.0013,0.0013,0.0,0.0,1.0,False
faulty_sensor_fusion_modes,faulty_sensor_trust_weighted_fusion_fixed,faulty_sensor_covariance_weighted_fusion,rmse_position_error,20,20,1.8064,1.8267,-0.0203,-1.3291,0.1838,False
faulty_sensor_fusion_modes,faulty_sensor_trust_weighted_fusion_dynamic,faulty_sensor_covariance_weighted_fusion,collision_risk_count,20,20,1.2,0.95,0.25,0.3315,0.7403,False
faulty_sensor_fusion_modes,faulty_sensor_trust_weighted_fusion_dynamic,faulty_sensor_covariance_weighted_fusion,mission_success,20,20,0.8,0.8,0.0,0.0,1.0,False
faulty_sensor_fusion_modes,faulty_sensor_trust_weighted_fusion_dynamic,faulty_sensor_covariance_weighted_fusion,avg_response_time_s,20,20,0.0013,0.0013,0.0,0.0,1.0,False
faulty_sensor_fusion_modes,faulty_sensor_trust_weighted_fusion_dynamic,faulty_sensor_covariance_weighted_fusion,rmse_position_error,20,20,1.8045,1.8267,-0.0222,-1.5382,0.124,False
