scenario,run_number,fusion_mode,false_positive_rate,false_negative_rate,noise_level,latency_steps,dropout_probability,confidence_error_level,collision_risk_count,unnecessary_avoidance_count,missed_response_count,fusion_recovery_count,mission_success,avg_response_time_s,total_near_misses,avg_formation_error,seed
baseline,1,no_fusion,0.0,0.0,0.0,0,0.0,0.0,79,0,0,0,Yes,0.0,47,3.682,42
baseline,2,no_fusion,0.0,0.0,0.0,0,0.0,0.0,79,0,0,0,Yes,0.0,47,3.682,43
baseline,3,no_fusion,0.0,0.0,0.0,0,0.0,0.0,79,0,0,0,Yes,0.0,47,3.682,44
baseline,4,no_fusion,0.0,0.0,0.0,0,0.0,0.0,79,0,0,0,Yes,0.0,47,3.682,45
baseline,5,no_fusion,0.0,0.0,0.0,0,0.0,0.0,79,0,0,0,Yes,0.0,47,3.682,46
baseline,6,no_fusion,0.0,0.0,0.0,0,0.0,0.0,79,0,0,0,Yes,0.0,47,3.682,47
baseline,7,no_fusion,0.0,0.0,0.0,0,0.0,0.0,79,0,0,0,Yes,0.0,47,3.682,48
baseline,8,no_fusion,0.0,0.0,0.0,0,0.0,0.0,79,0,0,0,Yes,0.0,47,3.682,49
baseline,9,no_fusion,0.0,0.0,0.0,0,0.0,0.0,79,0,0,0,Yes,0.0,47,3.682,50
baseline,10,no_fusion,0.0,0.0,0.0,0,0.0,0.0,79,0,0,0,Yes,0.0,47,3.682,51
baseline,11,no_fusion,0.0,0.0,0.0,0,0.0,0.0,79,0,0,0,Yes,0.0,47,3.682,52
baseline,12,no_fusion,0.0,0.0,0.0,0,0.0,0.0,79,0,0,0,Yes,0.0,47,3.682,53
baseline,13,no_fusion,0.0,0.0,0.0,0,0.0,0.0,79,0,0,0,Yes,0.0,47,3.682,54
baseline,14,no_fusion,0.0,0.0,0.0,0,0.0,0.0,79,0,0,0,Yes,0.0,47,3.682,55
baseline,15,no_fusion,0.0,0.0,0.0,0,0.0,0.0,79,0,0,0,Yes,0.0,47,3.682,56
baseline,16,no_fusion,0.0,0.0,0.0,0,0.0,0.0,79,0,0,0,Yes,0.0,47,3.682,57
baseline,17,no_fusion,0.0,0.0,0.0,0,0.0,0.0,79,0,0,0,Yes,0.0,47,3.682,58
baseline,18,no_fusion,0.0,0.0,0.0,0,0.0,0.0,79,0,0,0,Yes,0.0,47,3.682,59
baseline,19,no_fusion,0.0,0.0,0.0,0,0.0,0.0,79,0,0,0,Yes,0.0,47,3.682,60
baseline,20,no_fusion,0.0,0.0,0.0,0,0.0,0.0,79,0,0,0,Yes,0.0,47,3.682,61
false_positive,1,no_fusion,0.08,0.0,0.0,0,0.0,0.0,76,66,0,0,Yes,0.0,42,3.789,42
false_positive,2,no_fusion,0.08,0.0,0.0,0,0.0,0.0,90,55,0,0,Yes,0.0,52,3.655,43
false_positive,3,no_fusion,0.08,0.0,0.0,0,0.0,0.0,76,57,0,0,Yes,0.0,43,4.112,44
false_positive,4,no_fusion,0.08,0.0,0.0,0,0.0,0.0,74,58,0,0,Yes,0.0,43,3.75,45
false_positive,5,no_fusion,0.08,0.0,0.0,0,0.0,0.0,82,77,0,0,Yes,0.0,44,3.986,46
false_positive,6,no_fusion,0.08,0.0,0.0,0,0.0,0.0,80,67,0,0,Yes,0.0,47,3.43,47
false_positive,7,no_fusion,0.08,0.0,0.0,0,0.0,0.0,85,50,0,0,Yes,0.0,48,3.246,48
false_positive,8,no_fusion,0.08,0.0,0.0,0,0.0,0.0,85,56,0,0,Yes,0.0,53,2.948,49
false_positive,9,no_fusion,0.08,0.0,0.0,0,0.0,0.0,85,55,0,0,Yes,0.0,48,3.85,50
false_positive,10,no_fusion,0.08,0.0,0.0,0,0.0,0.0,78,56,0,0,Yes,0.0,45,2.932,51
false_positive,11,no_fusion,0.08,0.0,0.0,0,0.0,0.0,92,73,0,0,Yes,0.0,53,3.982,52
false_positive,12,no_fusion,0.08,0.0,0.0,0,0.0,0.0,82,67,0,0,Yes,0.0,46,3.417,53
false_positive,13,no_fusion,0.08,0.0,0.0,0,0.0,0.0,84,51,0,0,Yes,0.0,49,4.289,54
false_positive,14,no_fusion,0.08,0.0,0.0,0,0.0,0.0,82,76,0,0,Yes,0.0,47,3.405,55
false_positive,15,no_fusion,0.08,0.0,0.0,0,0.0,0.0,78,73,0,0,Yes,0.0,42,3.7,56
false_positive,16,no_fusion,0.08,0.0,0.0,0,0.0,0.0,86,72,0,0,Yes,0.0,49,3.841,57
false_positive,17,no_fusion,0.08,0.0,0.0,0,0.0,0.0,78,62,0,0,Yes,0.0,44,3.433,58
false_positive,18,no_fusion,0.08,0.0,0.0,0,0.0,0.0,90,52,0,0,Yes,0.0,50,4.013,59
false_positive,19,no_fusion,0.08,0.0,0.0,0,0.0,0.0,82,72,0,0,Yes,0.0,46,3.629,60
false_positive,20,no_fusion,0.08,0.0,0.0,0,0.0,0.0,75,54,0,0,Yes,0.0,45,3.599,61
false_negative,1,no_fusion,0.0,0.25,0.0,0,0.0,0.0,85,0,23,0,Yes,0.125,46,4.061,42
false_negative,2,no_fusion,0.0,0.25,0.0,0,0.0,0.0,92,0,14,0,Yes,0.038,50,4.068,43
false_negative,3,no_fusion,0.0,0.25,0.0,0,0.0,0.0,99,0,18,0,Yes,0.125,54,4.015,44
false_negative,4,no_fusion,0.0,0.25,0.0,0,0.0,0.0,83,0,13,0,Yes,0.088,44,3.781,45
false_negative,5,no_fusion,0.0,0.25,0.0,0,0.0,0.0,89,0,17,0,No,0.1,45,4.09,46
false_negative,6,no_fusion,0.0,0.25,0.0,0,0.0,0.0,86,0,18,0,Yes,0.038,47,3.533,47
false_negative,7,no_fusion,0.0,0.25,0.0,0,0.0,0.0,88,0,17,0,Yes,0.1,50,3.615,48
false_negative,8,no_fusion,0.0,0.25,0.0,0,0.0,0.0,92,0,15,0,Yes,0.088,51,4.011,49
false_negative,9,no_fusion,0.0,0.25,0.0,0,0.0,0.0,84,0,13,0,Yes,0.025,44,3.922,50
false_negative,10,no_fusion,0.0,0.25,0.0,0,0.0,0.0,85,0,15,0,Yes,0.05,44,4.167,51
false_negative,11,no_fusion,0.0,0.25,0.0,0,0.0,0.0,92,0,20,0,Yes,0.113,52,3.749,52
false_negative,12,no_fusion,0.0,0.25,0.0,0,0.0,0.0,89,0,13,0,Yes,0.013,47,4.102,53
false_negative,13,no_fusion,0.0,0.25,0.0,0,0.0,0.0,84,0,12,0,Yes,0.025,48,3.559,54
false_negative,14,no_fusion,0.0,0.25,0.0,0,0.0,0.0,92,0,11,0,Yes,0.013,52,4.065,55
false_negative,15,no_fusion,0.0,0.25,0.0,0,0.0,0.0,89,0,17,0,Yes,0.1,47,3.996,56
false_negative,16,no_fusion,0.0,0.25,0.0,0,0.0,0.0,88,0,21,0,Yes,0.05,47,3.793,57
false_negative,17,no_fusion,0.0,0.25,0.0,0,0.0,0.0,81,0,11,0,Yes,0.075,45,4.093,58
false_negative,18,no_fusion,0.0,0.25,0.0,0,0.0,0.0,98,0,16,0,Yes,0.038,51,4.246,59
false_negative,19,no_fusion,0.0,0.25,0.0,0,0.0,0.0,91,0,17,0,Yes,0.038,49,3.991,60
false_negative,20,no_fusion,0.0,0.25,0.0,0,0.0,0.0,93,0,19,0,Yes,0.025,47,4.043,61
sensor_noise,1,no_fusion,0.0,0.0,1.5,0,0.0,0.0,141,0,0,0,No,0.0,74,4.083,42
sensor_noise,2,no_fusion,0.0,0.0,1.5,0,0.0,0.0,143,0,0,0,No,0.0,83,3.707,43
sensor_noise,3,no_fusion,0.0,0.0,1.5,0,0.0,0.0,136,0,0,0,No,0.0,69,3.981,44
sensor_noise,4,no_fusion,0.0,0.0,1.5,0,0.0,0.0,167,0,0,0,No,0.0,94,4.275,45
sensor_noise,5,no_fusion,0.0,0.0,1.5,0,0.0,0.0,160,0,0,0,No,0.0,101,4.204,46
sensor_noise,6,no_fusion,0.0,0.0,1.5,0,0.0,0.0,128,0,0,0,No,0.0,66,3.541,47
sensor_noise,7,no_fusion,0.0,0.0,1.5,0,0.0,0.0,127,0,0,0,No,0.0,66,4.196,48
sensor_noise,8,no_fusion,0.0,0.0,1.5,0,0.0,0.0,140,0,0,0,No,0.0,83,3.874,49
sensor_noise,9,no_fusion,0.0,0.0,1.5,0,0.0,0.0,174,0,0,0,No,0.0,108,4.139,50
sensor_noise,10,no_fusion,0.0,0.0,1.5,0,0.0,0.0,175,0,0,0,No,0.0,110,3.62,51
sensor_noise,11,no_fusion,0.0,0.0,1.5,0,0.0,0.0,140,0,0,0,No,0.0,86,4.021,52
sensor_noise,12,no_fusion,0.0,0.0,1.5,0,0.0,0.0,138,0,0,0,No,0.0,72,3.799,53
sensor_noise,13,no_fusion,0.0,0.0,1.5,0,0.0,0.0,156,0,0,0,No,0.0,92,4.299,54
sensor_noise,14,no_fusion,0.0,0.0,1.5,0,0.0,0.0,147,0,0,0,No,0.0,87,4.135,55
sensor_noise,15,no_fusion,0.0,0.0,1.5,0,0.0,0.0,144,0,0,0,No,0.0,67,3.585,56
sensor_noise,16,no_fusion,0.0,0.0,1.5,0,0.0,0.0,141,0,0,0,No,0.0,76,3.958,57
sensor_noise,17,no_fusion,0.0,0.0,1.5,0,0.0,0.0,137,0,0,0,No,0.0,74,3.727,58
sensor_noise,18,no_fusion,0.0,0.0,1.5,0,0.0,0.0,148,0,0,0,No,0.0,93,4.222,59
sensor_noise,19,no_fusion,0.0,0.0,1.5,0,0.0,0.0,133,0,0,0,No,0.0,59,3.817,60
sensor_noise,20,no_fusion,0.0,0.0,1.5,0,0.0,0.0,155,0,0,0,No,0.0,66,4.035,61
latency,1,no_fusion,0.0,0.0,0.0,5,0.0,0.0,96,0,0,0,Yes,1.0,54,4.059,42
latency,2,no_fusion,0.0,0.0,0.0,5,0.0,0.0,96,0,0,0,Yes,1.0,54,4.059,43
latency,3,no_fusion,0.0,0.0,0.0,5,0.0,0.0,96,0,0,0,Yes,1.0,54,4.059,44
latency,4,no_fusion,0.0,0.0,0.0,5,0.0,0.0,96,0,0,0,Yes,1.0,54,4.059,45
latency,5,no_fusion,0.0,0.0,0.0,5,0.0,0.0,96,0,0,0,Yes,1.0,54,4.059,46
latency,6,no_fusion,0.0,0.0,0.0,5,0.0,0.0,96,0,0,0,Yes,1.0,54,4.059,47
latency,7,no_fusion,0.0,0.0,0.0,5,0.0,0.0,96,0,0,0,Yes,1.0,54,4.059,48
latency,8,no_fusion,0.0,0.0,0.0,5,0.0,0.0,96,0,0,0,Yes,1.0,54,4.059,49
latency,9,no_fusion,0.0,0.0,0.0,5,0.0,0.0,96,0,0,0,Yes,1.0,54,4.059,50
latency,10,no_fusion,0.0,0.0,0.0,5,0.0,0.0,96,0,0,0,Yes,1.0,54,4.059,51
latency,11,no_fusion,0.0,0.0,0.0,5,0.0,0.0,96,0,0,0,Yes,1.0,54,4.059,52
latency,12,no_fusion,0.0,0.0,0.0,5,0.0,0.0,96,0,0,0,Yes,1.0,54,4.059,53
latency,13,no_fusion,0.0,0.0,0.0,5,0.0,0.0,96,0,0,0,Yes,1.0,54,4.059,54
latency,14,no_fusion,0.0,0.0,0.0,5,0.0,0.0,96,0,0,0,Yes,1.0,54,4.059,55
latency,15,no_fusion,0.0,0.0,0.0,5,0.0,0.0,96,0,0,0,Yes,1.0,54,4.059,56
latency,16,no_fusion,0.0,0.0,0.0,5,0.0,0.0,96,0,0,0,Yes,1.0,54,4.059,57
latency,17,no_fusion,0.0,0.0,0.0,5,0.0,0.0,96,0,0,0,Yes,1.0,54,4.059,58
latency,18,no_fusion,0.0,0.0,0.0,5,0.0,0.0,96,0,0,0,Yes,1.0,54,4.059,59
latency,19,no_fusion,0.0,0.0,0.0,5,0.0,0.0,96,0,0,0,Yes,1.0,54,4.059,60
latency,20,no_fusion,0.0,0.0,0.0,5,0.0,0.0,96,0,0,0,Yes,1.0,54,4.059,61
sensor_dropout,1,no_fusion,0.0,0.0,0.0,0,0.02,0.0,96,0,11,0,Yes,0.0,54,4.159,42
sensor_dropout,2,no_fusion,0.0,0.0,0.0,0,0.02,0.0,97,0,9,0,No,0.088,63,3.548,43
sensor_dropout,3,no_fusion,0.0,0.0,0.0,0,0.02,0.0,83,0,9,0,Yes,0.0,45,3.677,44
sensor_dropout,4,no_fusion,0.0,0.0,0.0,0,0.02,0.0,89,0,11,0,Yes,0.3,51,4.298,45
sensor_dropout,5,no_fusion,0.0,0.0,0.0,0,0.02,0.0,87,0,14,0,Yes,0.0,48,4.358,46
sensor_dropout,6,no_fusion,0.0,0.0,0.0,0,0.02,0.0,82,0,3,0,Yes,0.0,48,4.021,47
sensor_dropout,7,no_fusion,0.0,0.0,0.0,0,0.02,0.0,85,0,15,0,Yes,0.062,48,4.328,48
sensor_dropout,8,no_fusion,0.0,0.0,0.0,0,0.02,0.0,69,0,2,0,Yes,0.025,40,3.835,49
sensor_dropout,9,no_fusion,0.0,0.0,0.0,0,0.02,0.0,97,0,11,0,Yes,0.0,53,4.391,50
sensor_dropout,10,no_fusion,0.0,0.0,0.0,0,0.02,0.0,109,0,11,0,Yes,0.0,66,3.626,51
sensor_dropout,11,no_fusion,0.0,0.0,0.0,0,0.02,0.0,97,0,7,0,Yes,0.363,55,3.585,52
sensor_dropout,12,no_fusion,0.0,0.0,0.0,0,0.02,0.0,92,0,6,0,Yes,0.0,49,3.945,53
sensor_dropout,13,no_fusion,0.0,0.0,0.0,0,0.02,0.0,76,0,1,0,Yes,0.075,42,4.321,54
sensor_dropout,14,no_fusion,0.0,0.0,0.0,0,0.02,0.0,86,0,6,0,Yes,0.075,49,4.093,55
sensor_dropout,15,no_fusion,0.0,0.0,0.0,0,0.02,0.0,80,0,2,0,Yes,0.0,47,4.019,56
sensor_dropout,16,no_fusion,0.0,0.0,0.0,0,0.02,0.0,86,0,3,0,Yes,0.0,48,3.952,57
sensor_dropout,17,no_fusion,0.0,0.0,0.0,0,0.02,0.0,77,0,6,0,Yes,0.075,41,3.573,58
sensor_dropout,18,no_fusion,0.0,0.0,0.0,0,0.02,0.0,79,0,10,0,Yes,0.038,46,4.208,59
sensor_dropout,19,no_fusion,0.0,0.0,0.0,0,0.02,0.0,104,0,15,0,No,0.0,64,3.467,60
sensor_dropout,20,no_fusion,0.0,0.0,0.0,0,0.02,0.0,85,0,3,0,Yes,0.0,53,3.652,61
confidence_error,1,no_fusion,0.0,0.0,0.0,0,0.0,0.35,79,0,0,0,Yes,0.0,47,3.682,42
confidence_error,2,no_fusion,0.0,0.0,0.0,0,0.0,0.35,79,0,0,0,Yes,0.0,47,3.682,43
confidence_error,3,no_fusion,0.0,0.0,0.0,0,0.0,0.35,79,0,0,0,Yes,0.0,47,3.682,44
confidence_error,4,no_fusion,0.0,0.0,0.0,0,0.0,0.35,79,0,0,0,Yes,0.0,47,3.682,45
confidence_error,5,no_fusion,0.0,0.0,0.0,0,0.0,0.35,79,0,0,0,Yes,0.0,47,3.682,46
confidence_error,6,no_fusion,0.0,0.0,0.0,0,0.0,0.35,79,0,0,0,Yes,0.0,47,3.682,47
confidence_error,7,no_fusion,0.0,0.0,0.0,0,0.0,0.35,79,0,0,0,Yes,0.0,47,3.682,48
confidence_error,8,no_fusion,0.0,0.0,0.0,0,0.0,0.35,79,0,0,0,Yes,0.0,47,3.682,49
confidence_error,9,no_fusion,0.0,0.0,0.0,0,0.0,0.35,79,0,0,0,Yes,0.0,47,3.682,50
confidence_error,10,no_fusion,0.0,0.0,0.0,0,0.0,0.35,79,0,0,0,Yes,0.0,47,3.682,51
confidence_error,11,no_fusion,0.0,0.0,0.0,0,0.0,0.35,79,0,0,0,Yes,0.0,47,3.682,52
confidence_error,12,no_fusion,0.0,0.0,0.0,0,0.0,0.35,79,0,0,0,Yes,0.0,47,3.682,53
confidence_error,13,no_fusion,0.0,0.0,0.0,0,0.0,0.35,79,0,0,0,Yes,0.0,47,3.682,54
confidence_error,14,no_fusion,0.0,0.0,0.0,0,0.0,0.35,79,0,0,0,Yes,0.0,47,3.682,55
confidence_error,15,no_fusion,0.0,0.0,0.0,0,0.0,0.35,79,0,0,0,Yes,0.0,47,3.682,56
confidence_error,16,no_fusion,0.0,0.0,0.0,0,0.0,0.35,79,0,0,0,Yes,0.0,47,3.682,57
confidence_error,17,no_fusion,0.0,0.0,0.0,0,0.0,0.35,79,0,0,0,Yes,0.0,47,3.682,58
confidence_error,18,no_fusion,0.0,0.0,0.0,0,0.0,0.35,79,0,0,0,Yes,0.0,47,3.682,59
confidence_error,19,no_fusion,0.0,0.0,0.0,0,0.0,0.35,79,0,0,0,Yes,0.0,47,3.682,60
confidence_error,20,no_fusion,0.0,0.0,0.0,0,0.0,0.35,79,0,0,0,Yes,0.0,47,3.682,61
no_fusion_matched,1,no_fusion,0.0,0.2,1.5,0,0.0,0.15,135,0,19,0,No,0.1,84,4.769,42
no_fusion_matched,2,no_fusion,0.0,0.2,1.5,0,0.0,0.15,117,0,14,0,Yes,0.075,75,4.978,43
no_fusion_matched,3,no_fusion,0.0,0.2,1.5,0,0.0,0.15,132,0,27,0,No,0.025,82,5.034,44
no_fusion_matched,4,no_fusion,0.0,0.2,1.5,0,0.0,0.15,169,0,18,0,No,0.05,80,4.467,45
no_fusion_matched,5,no_fusion,0.0,0.2,1.5,0,0.0,0.15,154,0,25,0,No,0.038,54,3.981,46
no_fusion_matched,6,no_fusion,0.0,0.2,1.5,0,0.0,0.15,148,0,21,0,No,0.025,50,3.76,47
no_fusion_matched,7,no_fusion,0.0,0.2,1.5,0,0.0,0.15,100,0,17,0,Yes,0.013,69,4.907,48
no_fusion_matched,8,no_fusion,0.0,0.2,1.5,0,0.0,0.15,192,0,33,0,No,0.038,85,4.733,49
no_fusion_matched,9,no_fusion,0.0,0.2,1.5,0,0.0,0.15,153,0,26,0,No,0.013,52,4.05,50
no_fusion_matched,10,no_fusion,0.0,0.2,1.5,0,0.0,0.15,193,0,34,0,No,0.062,81,3.764,51
no_fusion_matched,11,no_fusion,0.0,0.2,1.5,0,0.0,0.15,140,0,14,0,No,0.1,85,5.019,52
no_fusion_matched,12,no_fusion,0.0,0.2,1.5,0,0.0,0.15,162,0,22,0,No,0.013,84,3.451,53
no_fusion_matched,13,no_fusion,0.0,0.2,1.5,0,0.0,0.15,148,0,21,0,No,0.025,101,5.462,54
no_fusion_matched,14,no_fusion,0.0,0.2,1.5,0,0.0,0.15,107,0,13,0,No,0.025,70,5.169,55
no_fusion_matched,15,no_fusion,0.0,0.2,1.5,0,0.0,0.15,159,0,26,0,No,0.062,60,3.894,56
no_fusion_matched,16,no_fusion,0.0,0.2,1.5,0,0.0,0.15,172,0,24,0,No,0.05,66,4.292,57
no_fusion_matched,17,no_fusion,0.0,0.2,1.5,0,0.0,0.15,170,0,26,0,No,0.013,60,4.016,58
no_fusion_matched,18,no_fusion,0.0,0.2,1.5,0,0.0,0.15,209,0,32,0,No,0.038,95,4.607,59
no_fusion_matched,19,no_fusion,0.0,0.2,1.5,0,0.0,0.15,163,0,14,0,No,0.038,68,3.852,60
no_fusion_matched,20,no_fusion,0.0,0.2,1.5,0,0.0,0.15,97,0,8,0,No,0.038,55,5.07,61
naive_fusion,1,naive_fusion,0.0,0.2,1.5,0,0.0,0.15,86,0,8,75,Yes,0.1,49,3.877,42
naive_fusion,2,naive_fusion,0.0,0.2,1.5,0,0.0,0.15,75,0,9,95,Yes,0.075,41,4.422,43
naive_fusion,3,naive_fusion,0.0,0.2,1.5,0,0.0,0.15,66,0,4,73,No,0.025,31,4.243,44
naive_fusion,4,naive_fusion,0.0,0.2,1.5,0,0.0,0.15,82,0,8,73,Yes,0.05,50,3.92,45
naive_fusion,5,naive_fusion,0.0,0.2,1.5,0,0.0,0.15,87,0,8,75,Yes,0.025,47,4.308,46
naive_fusion,6,naive_fusion,0.0,0.2,1.5,0,0.0,0.15,78,0,6,89,No,0.013,33,3.753,47
naive_fusion,7,naive_fusion,0.0,0.2,1.5,0,0.0,0.15,66,0,10,86,Yes,0.013,38,4.026,48
naive_fusion,8,naive_fusion,0.0,0.2,1.5,0,0.0,0.15,86,0,10,102,Yes,0.013,48,4.295,49
naive_fusion,9,naive_fusion,0.0,0.2,1.5,0,0.0,0.15,113,0,20,74,Yes,0.025,63,4.281,50
naive_fusion,10,naive_fusion,0.0,0.2,1.5,0,0.0,0.15,79,0,11,90,Yes,0.062,41,3.93,51
naive_fusion,11,naive_fusion,0.0,0.2,1.5,0,0.0,0.15,66,0,9,78,No,0.088,30,3.996,52
naive_fusion,12,naive_fusion,0.0,0.2,1.5,0,0.0,0.15,81,0,8,89,No,0.013,40,4.043,53
naive_fusion,13,naive_fusion,0.0,0.2,1.5,0,0.0,0.15,78,0,8,89,No,0.025,35,4.01,54
naive_fusion,14,naive_fusion,0.0,0.2,1.5,0,0.0,0.15,100,0,9,76,No,0.025,41,3.93,55
naive_fusion,15,naive_fusion,0.0,0.2,1.5,0,0.0,0.15,82,0,6,78,Yes,0.062,47,4.014,56
naive_fusion,16,naive_fusion,0.0,0.2,1.5,0,0.0,0.15,83,0,9,83,Yes,0.05,49,3.857,57
naive_fusion,17,naive_fusion,0.0,0.2,1.5,0,0.0,0.15,87,0,10,80,Yes,0.013,49,3.896,58
naive_fusion,18,naive_fusion,0.0,0.2,1.5,0,0.0,0.15,137,0,19,74,Yes,0.038,73,4.606,59
naive_fusion,19,naive_fusion,0.0,0.2,1.5,0,0.0,0.15,83,0,6,60,No,0.038,44,4.353,60
naive_fusion,20,naive_fusion,0.0,0.2,1.5,0,0.0,0.15,79,0,7,70,Yes,0.038,46,3.882,61
trust_weighted_fusion,1,trust_weighted_fusion,0.0,0.2,1.5,0,0.0,0.15,70,0,10,74,No,0.1,35,3.868,42
trust_weighted_fusion,2,trust_weighted_fusion,0.0,0.2,1.5,0,0.0,0.15,81,0,8,82,No,0.075,38,3.925,43
trust_weighted_fusion,3,trust_weighted_fusion,0.0,0.2,1.5,0,0.0,0.15,68,0,5,85,No,0.025,32,4.061,44
trust_weighted_fusion,4,trust_weighted_fusion,0.0,0.2,1.5,0,0.0,0.15,98,0,15,77,No,0.05,41,3.811,45
trust_weighted_fusion,5,trust_weighted_fusion,0.0,0.2,1.5,0,0.0,0.15,82,0,7,76,No,0.025,38,4.272,46
trust_weighted_fusion,6,trust_weighted_fusion,0.0,0.2,1.5,0,0.0,0.15,86,0,6,89,Yes,0.013,44,3.75,47
trust_weighted_fusion,7,trust_weighted_fusion,0.0,0.2,1.5,0,0.0,0.15,88,0,8,86,No,0.013,31,4.037,48
trust_weighted_fusion,8,trust_weighted_fusion,0.0,0.2,1.5,0,0.0,0.15,90,0,8,113,Yes,0.013,49,4.284,49
trust_weighted_fusion,9,trust_weighted_fusion,0.0,0.2,1.5,0,0.0,0.15,88,0,16,71,No,0.025,45,4.256,50
trust_weighted_fusion,10,trust_weighted_fusion,0.0,0.2,1.5,0,0.0,0.15,89,0,14,84,Yes,0.062,52,3.956,51
trust_weighted_fusion,11,trust_weighted_fusion,0.0,0.2,1.5,0,0.0,0.15,80,0,8,75,Yes,0.088,46,4.064,52
trust_weighted_fusion,12,trust_weighted_fusion,0.0,0.2,1.5,0,0.0,0.15,100,0,13,80,Yes,0.013,52,4.119,53
trust_weighted_fusion,13,trust_weighted_fusion,0.0,0.2,1.5,0,0.0,0.15,93,0,11,88,Yes,0.025,55,3.873,54
trust_weighted_fusion,14,trust_weighted_fusion,0.0,0.2,1.5,0,0.0,0.15,90,0,10,85,No,0.025,41,3.811,55
trust_weighted_fusion,15,trust_weighted_fusion,0.0,0.2,1.5,0,0.0,0.15,85,0,7,78,Yes,0.062,53,3.941,56
trust_weighted_fusion,16,trust_weighted_fusion,0.0,0.2,1.5,0,0.0,0.15,98,0,6,86,No,0.05,36,3.844,57
trust_weighted_fusion,17,trust_weighted_fusion,0.0,0.2,1.5,0,0.0,0.15,78,0,5,83,No,0.013,38,3.79,58
trust_weighted_fusion,18,trust_weighted_fusion,0.0,0.2,1.5,0,0.0,0.15,131,0,14,82,No,0.038,58,4.736,59
trust_weighted_fusion,19,trust_weighted_fusion,0.0,0.2,1.5,0,0.0,0.15,110,0,16,68,Yes,0.038,61,4.318,60
trust_weighted_fusion,20,trust_weighted_fusion,0.0,0.2,1.5,0,0.0,0.15,76,0,10,85,Yes,0.038,38,4.016,61
one_uav_obstacle,1,no_fusion,0.0,0.0,0.0,0,0.0,0.0,79,0,0,0,Yes,0.0,47,3.682,42
one_uav_obstacle,2,no_fusion,0.0,0.0,0.0,0,0.0,0.0,79,0,0,0,Yes,0.0,47,3.682,43
one_uav_obstacle,3,no_fusion,0.0,0.0,0.0,0,0.0,0.0,79,0,0,0,Yes,0.0,47,3.682,44
one_uav_obstacle,4,no_fusion,0.0,0.0,0.0,0,0.0,0.0,79,0,0,0,Yes,0.0,47,3.682,45
one_uav_obstacle,5,no_fusion,0.0,0.0,0.0,0,0.0,0.0,79,0,0,0,Yes,0.0,47,3.682,46
one_uav_obstacle,6,no_fusion,0.0,0.0,0.0,0,0.0,0.0,79,0,0,0,Yes,0.0,47,3.682,47
one_uav_obstacle,7,no_fusion,0.0,0.0,0.0,0,0.0,0.0,79,0,0,0,Yes,0.0,47,3.682,48
one_uav_obstacle,8,no_fusion,0.0,0.0,0.0,0,0.0,0.0,79,0,0,0,Yes,0.0,47,3.682,49
one_uav_obstacle,9,no_fusion,0.0,0.0,0.0,0,0.0,0.0,79,0,0,0,Yes,0.0,47,3.682,50
one_uav_obstacle,10,no_fusion,0.0,0.0,0.0,0,0.0,0.0,79,0,0,0,Yes,0.0,47,3.682,51
one_uav_obstacle,11,no_fusion,0.0,0.0,0.0,0,0.0,0.0,79,0,0,0,Yes,0.0,47,3.682,52
one_uav_obstacle,12,no_fusion,0.0,0.0,0.0,0,0.0,0.0,79,0,0,0,Yes,0.0,47,3.682,53
one_uav_obstacle,13,no_fusion,0.0,0.0,0.0,0,0.0,0.0,79,0,0,0,Yes,0.0,47,3.682,54
one_uav_obstacle,14,no_fusion,0.0,0.0,0.0,0,0.0,0.0,79,0,0,0,Yes,0.0,47,3.682,55
one_uav_obstacle,15,no_fusion,0.0,0.0,0.0,0,0.0,0.0,79,0,0,0,Yes,0.0,47,3.682,56
one_uav_obstacle,16,no_fusion,0.0,0.0,0.0,0,0.0,0.0,79,0,0,0,Yes,0.0,47,3.682,57
one_uav_obstacle,17,no_fusion,0.0,0.0,0.0,0,0.0,0.0,79,0,0,0,Yes,0.0,47,3.682,58
one_uav_obstacle,18,no_fusion,0.0,0.0,0.0,0,0.0,0.0,79,0,0,0,Yes,0.0,47,3.682,59
one_uav_obstacle,19,no_fusion,0.0,0.0,0.0,0,0.0,0.0,79,0,0,0,Yes,0.0,47,3.682,60
one_uav_obstacle,20,no_fusion,0.0,0.0,0.0,0,0.0,0.0,79,0,0,0,Yes,0.0,47,3.682,61
multiple_obstacles,1,no_fusion,0.0,0.0,0.0,0,0.0,0.0,129,0,0,0,Yes,0.0,68,5.035,42
multiple_obstacles,2,no_fusion,0.0,0.0,0.0,0,0.0,0.0,129,0,0,0,Yes,0.0,68,5.035,43
multiple_obstacles,3,no_fusion,0.0,0.0,0.0,0,0.0,0.0,129,0,0,0,Yes,0.0,68,5.035,44
multiple_obstacles,4,no_fusion,0.0,0.0,0.0,0,0.0,0.0,129,0,0,0,Yes,0.0,68,5.035,45
multiple_obstacles,5,no_fusion,0.0,0.0,0.0,0,0.0,0.0,129,0,0,0,Yes,0.0,68,5.035,46
multiple_obstacles,6,no_fusion,0.0,0.0,0.0,0,0.0,0.0,129,0,0,0,Yes,0.0,68,5.035,47
multiple_obstacles,7,no_fusion,0.0,0.0,0.0,0,0.0,0.0,129,0,0,0,Yes,0.0,68,5.035,48
multiple_obstacles,8,no_fusion,0.0,0.0,0.0,0,0.0,0.0,129,0,0,0,Yes,0.0,68,5.035,49
multiple_obstacles,9,no_fusion,0.0,0.0,0.0,0,0.0,0.0,129,0,0,0,Yes,0.0,68,5.035,50
multiple_obstacles,10,no_fusion,0.0,0.0,0.0,0,0.0,0.0,129,0,0,0,Yes,0.0,68,5.035,51
multiple_obstacles,11,no_fusion,0.0,0.0,0.0,0,0.0,0.0,129,0,0,0,Yes,0.0,68,5.035,52
multiple_obstacles,12,no_fusion,0.0,0.0,0.0,0,0.0,0.0,129,0,0,0,Yes,0.0,68,5.035,53
multiple_obstacles,13,no_fusion,0.0,0.0,0.0,0,0.0,0.0,129,0,0,0,Yes,0.0,68,5.035,54
multiple_obstacles,14,no_fusion,0.0,0.0,0.0,0,0.0,0.0,129,0,0,0,Yes,0.0,68,5.035,55
multiple_obstacles,15,no_fusion,0.0,0.0,0.0,0,0.0,0.0,129,0,0,0,Yes,0.0,68,5.035,56
multiple_obstacles,16,no_fusion,0.0,0.0,0.0,0,0.0,0.0,129,0,0,0,Yes,0.0,68,5.035,57
multiple_obstacles,17,no_fusion,0.0,0.0,0.0,0,0.0,0.0,129,0,0,0,Yes,0.0,68,5.035,58
multiple_obstacles,18,no_fusion,0.0,0.0,0.0,0,0.0,0.0,129,0,0,0,Yes,0.0,68,5.035,59
multiple_obstacles,19,no_fusion,0.0,0.0,0.0,0,0.0,0.0,129,0,0,0,Yes,0.0,68,5.035,60
multiple_obstacles,20,no_fusion,0.0,0.0,0.0,0,0.0,0.0,129,0,0,0,Yes,0.0,68,5.035,61
two_crossing_targets,1,no_fusion,0.0,0.0,0.0,0,0.0,0.0,104,0,0,0,Yes,0.0,60,8.737,42
two_crossing_targets,2,no_fusion,0.0,0.0,0.0,0,0.0,0.0,104,0,0,0,Yes,0.0,60,8.737,43
two_crossing_targets,3,no_fusion,0.0,0.0,0.0,0,0.0,0.0,104,0,0,0,Yes,0.0,60,8.737,44
two_crossing_targets,4,no_fusion,0.0,0.0,0.0,0,0.0,0.0,104,0,0,0,Yes,0.0,60,8.737,45
two_crossing_targets,5,no_fusion,0.0,0.0,0.0,0,0.0,0.0,104,0,0,0,Yes,0.0,60,8.737,46
two_crossing_targets,6,no_fusion,0.0,0.0,0.0,0,0.0,0.0,104,0,0,0,Yes,0.0,60,8.737,47
two_crossing_targets,7,no_fusion,0.0,0.0,0.0,0,0.0,0.0,104,0,0,0,Yes,0.0,60,8.737,48
two_crossing_targets,8,no_fusion,0.0,0.0,0.0,0,0.0,0.0,104,0,0,0,Yes,0.0,60,8.737,49
two_crossing_targets,9,no_fusion,0.0,0.0,0.0,0,0.0,0.0,104,0,0,0,Yes,0.0,60,8.737,50
two_crossing_targets,10,no_fusion,0.0,0.0,0.0,0,0.0,0.0,104,0,0,0,Yes,0.0,60,8.737,51
two_crossing_targets,11,no_fusion,0.0,0.0,0.0,0,0.0,0.0,104,0,0,0,Yes,0.0,60,8.737,52
two_crossing_targets,12,no_fusion,0.0,0.0,0.0,0,0.0,0.0,104,0,0,0,Yes,0.0,60,8.737,53
two_crossing_targets,13,no_fusion,0.0,0.0,0.0,0,0.0,0.0,104,0,0,0,Yes,0.0,60,8.737,54
two_crossing_targets,14,no_fusion,0.0,0.0,0.0,0,0.0,0.0,104,0,0,0,Yes,0.0,60,8.737,55
two_crossing_targets,15,no_fusion,0.0,0.0,0.0,0,0.0,0.0,104,0,0,0,Yes,0.0,60,8.737,56
two_crossing_targets,16,no_fusion,0.0,0.0,0.0,0,0.0,0.0,104,0,0,0,Yes,0.0,60,8.737,57
two_crossing_targets,17,no_fusion,0.0,0.0,0.0,0,0.0,0.0,104,0,0,0,Yes,0.0,60,8.737,58
two_crossing_targets,18,no_fusion,0.0,0.0,0.0,0,0.0,0.0,104,0,0,0,Yes,0.0,60,8.737,59
two_crossing_targets,19,no_fusion,0.0,0.0,0.0,0,0.0,0.0,104,0,0,0,Yes,0.0,60,8.737,60
two_crossing_targets,20,no_fusion,0.0,0.0,0.0,0,0.0,0.0,104,0,0,0,Yes,0.0,60,8.737,61
moving_obstacle_approaching_swarm,1,no_fusion,0.0,0.0,0.0,0,0.0,0.0,124,0,0,0,Yes,0.0,62,3.024,42
moving_obstacle_approaching_swarm,2,no_fusion,0.0,0.0,0.0,0,0.0,0.0,124,0,0,0,Yes,0.0,62,3.024,43
moving_obstacle_approaching_swarm,3,no_fusion,0.0,0.0,0.0,0,0.0,0.0,124,0,0,0,Yes,0.0,62,3.024,44
moving_obstacle_approaching_swarm,4,no_fusion,0.0,0.0,0.0,0,0.0,0.0,124,0,0,0,Yes,0.0,62,3.024,45
moving_obstacle_approaching_swarm,5,no_fusion,0.0,0.0,0.0,0,0.0,0.0,124,0,0,0,Yes,0.0,62,3.024,46
moving_obstacle_approaching_swarm,6,no_fusion,0.0,0.0,0.0,0,0.0,0.0,124,0,0,0,Yes,0.0,62,3.024,47
moving_obstacle_approaching_swarm,7,no_fusion,0.0,0.0,0.0,0,0.0,0.0,124,0,0,0,Yes,0.0,62,3.024,48
moving_obstacle_approaching_swarm,8,no_fusion,0.0,0.0,0.0,0,0.0,0.0,124,0,0,0,Yes,0.0,62,3.024,49
moving_obstacle_approaching_swarm,9,no_fusion,0.0,0.0,0.0,0,0.0,0.0,124,0,0,0,Yes,0.0,62,3.024,50
moving_obstacle_approaching_swarm,10,no_fusion,0.0,0.0,0.0,0,0.0,0.0,124,0,0,0,Yes,0.0,62,3.024,51
moving_obstacle_approaching_swarm,11,no_fusion,0.0,0.0,0.0,0,0.0,0.0,124,0,0,0,Yes,0.0,62,3.024,52
moving_obstacle_approaching_swarm,12,no_fusion,0.0,0.0,0.0,0,0.0,0.0,124,0,0,0,Yes,0.0,62,3.024,53
moving_obstacle_approaching_swarm,13,no_fusion,0.0,0.0,0.0,0,0.0,0.0,124,0,0,0,Yes,0.0,62,3.024,54
moving_obstacle_approaching_swarm,14,no_fusion,0.0,0.0,0.0,0,0.0,0.0,124,0,0,0,Yes,0.0,62,3.024,55
moving_obstacle_approaching_swarm,15,no_fusion,0.0,0.0,0.0,0,0.0,0.0,124,0,0,0,Yes,0.0,62,3.024,56
moving_obstacle_approaching_swarm,16,no_fusion,0.0,0.0,0.0,0,0.0,0.0,124,0,0,0,Yes,0.0,62,3.024,57
moving_obstacle_approaching_swarm,17,no_fusion,0.0,0.0,0.0,0,0.0,0.0,124,0,0,0,Yes,0.0,62,3.024,58
moving_obstacle_approaching_swarm,18,no_fusion,0.0,0.0,0.0,0,0.0,0.0,124,0,0,0,Yes,0.0,62,3.024,59
moving_obstacle_approaching_swarm,19,no_fusion,0.0,0.0,0.0,0,0.0,0.0,124,0,0,0,Yes,0.0,62,3.024,60
moving_obstacle_approaching_swarm,20,no_fusion,0.0,0.0,0.0,0,0.0,0.0,124,0,0,0,Yes,0.0,62,3.024,61
target_temporarily_lost,1,no_fusion,0.0,0.0,0.0,0,0.0,0.0,184,0,0,0,Yes,0.0,96,3.065,42
target_temporarily_lost,2,no_fusion,0.0,0.0,0.0,0,0.0,0.0,184,0,0,0,Yes,0.0,96,3.065,43
target_temporarily_lost,3,no_fusion,0.0,0.0,0.0,0,0.0,0.0,184,0,0,0,Yes,0.0,96,3.065,44
target_temporarily_lost,4,no_fusion,0.0,0.0,0.0,0,0.0,0.0,184,0,0,0,Yes,0.0,96,3.065,45
target_temporarily_lost,5,no_fusion,0.0,0.0,0.0,0,0.0,0.0,184,0,0,0,Yes,0.0,96,3.065,46
target_temporarily_lost,6,no_fusion,0.0,0.0,0.0,0,0.0,0.0,184,0,0,0,Yes,0.0,96,3.065,47
target_temporarily_lost,7,no_fusion,0.0,0.0,0.0,0,0.0,0.0,184,0,0,0,Yes,0.0,96,3.065,48
target_temporarily_lost,8,no_fusion,0.0,0.0,0.0,0,0.0,0.0,184,0,0,0,Yes,0.0,96,3.065,49
target_temporarily_lost,9,no_fusion,0.0,0.0,0.0,0,0.0,0.0,184,0,0,0,Yes,0.0,96,3.065,50
target_temporarily_lost,10,no_fusion,0.0,0.0,0.0,0,0.0,0.0,184,0,0,0,Yes,0.0,96,3.065,51
target_temporarily_lost,11,no_fusion,0.0,0.0,0.0,0,0.0,0.0,184,0,0,0,Yes,0.0,96,3.065,52
target_temporarily_lost,12,no_fusion,0.0,0.0,0.0,0,0.0,0.0,184,0,0,0,Yes,0.0,96,3.065,53
target_temporarily_lost,13,no_fusion,0.0,0.0,0.0,0,0.0,0.0,184,0,0,0,Yes,0.0,96,3.065,54
target_temporarily_lost,14,no_fusion,0.0,0.0,0.0,0,0.0,0.0,184,0,0,0,Yes,0.0,96,3.065,55
target_temporarily_lost,15,no_fusion,0.0,0.0,0.0,0,0.0,0.0,184,0,0,0,Yes,0.0,96,3.065,56
target_temporarily_lost,16,no_fusion,0.0,0.0,0.0,0,0.0,0.0,184,0,0,0,Yes,0.0,96,3.065,57
target_temporarily_lost,17,no_fusion,0.0,0.0,0.0,0,0.0,0.0,184,0,0,0,Yes,0.0,96,3.065,58
target_temporarily_lost,18,no_fusion,0.0,0.0,0.0,0,0.0,0.0,184,0,0,0,Yes,0.0,96,3.065,59
target_temporarily_lost,19,no_fusion,0.0,0.0,0.0,0,0.0,0.0,184,0,0,0,Yes,0.0,96,3.065,60
target_temporarily_lost,20,no_fusion,0.0,0.0,0.0,0,0.0,0.0,184,0,0,0,Yes,0.0,96,3.065,61
target_reappearing_after_dropout,1,no_fusion,0.0,0.0,0.0,0,0.03,0.0,124,0,34,0,No,0.0,54,3.068,42
target_reappearing_after_dropout,2,no_fusion,0.0,0.0,0.0,0,0.03,0.0,100,0,14,0,No,0.0,46,3.001,43
target_reappearing_after_dropout,3,no_fusion,0.0,0.0,0.0,0,0.03,0.0,130,0,38,0,No,0.6,57,3.062,44
target_reappearing_after_dropout,4,no_fusion,0.0,0.0,0.0,0,0.03,0.0,114,0,23,0,No,0.6,49,3.045,45
target_reappearing_after_dropout,5,no_fusion,0.0,0.0,0.0,0,0.03,0.0,126,0,16,0,No,0.0,58,3.032,46
target_reappearing_after_dropout,6,no_fusion,0.0,0.0,0.0,0,0.03,0.0,106,0,20,0,No,0.0,46,3.029,47
target_reappearing_after_dropout,7,no_fusion,0.0,0.0,0.0,0,0.03,0.0,120,0,5,0,Yes,0.0,60,3.008,48
target_reappearing_after_dropout,8,no_fusion,0.0,0.0,0.0,0,0.03,0.0,104,0,45,0,No,0.0,45,3.032,49
target_reappearing_after_dropout,9,no_fusion,0.0,0.0,0.0,0,0.03,0.0,108,0,17,0,No,0.0,47,3.038,50
target_reappearing_after_dropout,10,no_fusion,0.0,0.0,0.0,0,0.03,0.0,102,0,23,0,No,0.0,43,3.041,51
target_reappearing_after_dropout,11,no_fusion,0.0,0.0,0.0,0,0.03,0.0,128,0,42,0,No,0.6,53,3.02,52
target_reappearing_after_dropout,12,no_fusion,0.0,0.0,0.0,0,0.03,0.0,120,0,8,0,Yes,0.0,60,3.021,53
target_reappearing_after_dropout,13,no_fusion,0.0,0.0,0.0,0,0.03,0.0,106,0,23,0,No,0.0,46,3.054,54
target_reappearing_after_dropout,14,no_fusion,0.0,0.0,0.0,0,0.03,0.0,96,0,27,0,No,0.0,38,3.023,55
target_reappearing_after_dropout,15,no_fusion,0.0,0.0,0.0,0,0.03,0.0,90,0,30,0,No,0.0,37,3.024,56
target_reappearing_after_dropout,16,no_fusion,0.0,0.0,0.0,0,0.03,0.0,122,0,16,0,Yes,0.0,61,3.016,57
target_reappearing_after_dropout,17,no_fusion,0.0,0.0,0.0,0,0.03,0.0,106,0,18,0,No,0.0,50,3.005,58
target_reappearing_after_dropout,18,no_fusion,0.0,0.0,0.0,0,0.03,0.0,101,0,25,0,No,0.0,44,3.071,59
target_reappearing_after_dropout,19,no_fusion,0.0,0.0,0.0,0,0.03,0.0,106,0,41,0,No,0.0,46,3.034,60
target_reappearing_after_dropout,20,no_fusion,0.0,0.0,0.0,0,0.03,0.0,118,0,37,0,No,0.0,53,3.01,61
clutter_near_real_target,1,no_fusion,0.0,0.0,0.0,0,0.0,0.0,83,0,0,0,Yes,0.0,48,3.313,42
clutter_near_real_target,2,no_fusion,0.0,0.0,0.0,0,0.0,0.0,83,0,0,0,Yes,0.0,48,3.313,43
clutter_near_real_target,3,no_fusion,0.0,0.0,0.0,0,0.0,0.0,83,0,0,0,Yes,0.0,48,3.313,44
clutter_near_real_target,4,no_fusion,0.0,0.0,0.0,0,0.0,0.0,83,0,0,0,Yes,0.0,48,3.313,45
clutter_near_real_target,5,no_fusion,0.0,0.0,0.0,0,0.0,0.0,83,0,0,0,Yes,0.0,48,3.313,46
clutter_near_real_target,6,no_fusion,0.0,0.0,0.0,0,0.0,0.0,83,0,0,0,Yes,0.0,48,3.313,47
clutter_near_real_target,7,no_fusion,0.0,0.0,0.0,0,0.0,0.0,83,0,0,0,Yes,0.0,48,3.313,48
clutter_near_real_target,8,no_fusion,0.0,0.0,0.0,0,0.0,0.0,83,0,0,0,Yes,0.0,48,3.313,49
clutter_near_real_target,9,no_fusion,0.0,0.0,0.0,0,0.0,0.0,83,0,0,0,Yes,0.0,48,3.313,50
clutter_near_real_target,10,no_fusion,0.0,0.0,0.0,0,0.0,0.0,83,0,0,0,Yes,0.0,48,3.313,51
clutter_near_real_target,11,no_fusion,0.0,0.0,0.0,0,0.0,0.0,83,0,0,0,Yes,0.0,48,3.313,52
clutter_near_real_target,12,no_fusion,0.0,0.0,0.0,0,0.0,0.0,83,0,0,0,Yes,0.0,48,3.313,53
clutter_near_real_target,13,no_fusion,0.0,0.0,0.0,0,0.0,0.0,83,0,0,0,Yes,0.0,48,3.313,54
clutter_near_real_target,14,no_fusion,0.0,0.0,0.0,0,0.0,0.0,83,0,0,0,Yes,0.0,48,3.313,55
clutter_near_real_target,15,no_fusion,0.0,0.0,0.0,0,0.0,0.0,83,0,0,0,Yes,0.0,48,3.313,56
clutter_near_real_target,16,no_fusion,0.0,0.0,0.0,0,0.0,0.0,83,0,0,0,Yes,0.0,48,3.313,57
clutter_near_real_target,17,no_fusion,0.0,0.0,0.0,0,0.0,0.0,83,0,0,0,Yes,0.0,48,3.313,58
clutter_near_real_target,18,no_fusion,0.0,0.0,0.0,0,0.0,0.0,83,0,0,0,Yes,0.0,48,3.313,59
clutter_near_real_target,19,no_fusion,0.0,0.0,0.0,0,0.0,0.0,83,0,0,0,Yes,0.0,48,3.313,60
clutter_near_real_target,20,no_fusion,0.0,0.0,0.0,0,0.0,0.0,83,0,0,0,Yes,0.0,48,3.313,61
closely_spaced_targets,1,no_fusion,0.0,0.0,0.0,0,0.0,0.0,122,0,0,0,Yes,0.0,64,4.051,42
closely_spaced_targets,2,no_fusion,0.0,0.0,0.0,0,0.0,0.0,122,0,0,0,Yes,0.0,64,4.051,43
closely_spaced_targets,3,no_fusion,0.0,0.0,0.0,0,0.0,0.0,122,0,0,0,Yes,0.0,64,4.051,44
closely_spaced_targets,4,no_fusion,0.0,0.0,0.0,0,0.0,0.0,122,0,0,0,Yes,0.0,64,4.051,45
closely_spaced_targets,5,no_fusion,0.0,0.0,0.0,0,0.0,0.0,122,0,0,0,Yes,0.0,64,4.051,46
closely_spaced_targets,6,no_fusion,0.0,0.0,0.0,0,0.0,0.0,122,0,0,0,Yes,0.0,64,4.051,47
closely_spaced_targets,7,no_fusion,0.0,0.0,0.0,0,0.0,0.0,122,0,0,0,Yes,0.0,64,4.051,48
closely_spaced_targets,8,no_fusion,0.0,0.0,0.0,0,0.0,0.0,122,0,0,0,Yes,0.0,64,4.051,49
closely_spaced_targets,9,no_fusion,0.0,0.0,0.0,0,0.0,0.0,122,0,0,0,Yes,0.0,64,4.051,50
closely_spaced_targets,10,no_fusion,0.0,0.0,0.0,0,0.0,0.0,122,0,0,0,Yes,0.0,64,4.051,51
closely_spaced_targets,11,no_fusion,0.0,0.0,0.0,0,0.0,0.0,122,0,0,0,Yes,0.0,64,4.051,52
closely_spaced_targets,12,no_fusion,0.0,0.0,0.0,0,0.0,0.0,122,0,0,0,Yes,0.0,64,4.051,53
closely_spaced_targets,13,no_fusion,0.0,0.0,0.0,0,0.0,0.0,122,0,0,0,Yes,0.0,64,4.051,54
closely_spaced_targets,14,no_fusion,0.0,0.0,0.0,0,0.0,0.0,122,0,0,0,Yes,0.0,64,4.051,55
closely_spaced_targets,15,no_fusion,0.0,0.0,0.0,0,0.0,0.0,122,0,0,0,Yes,0.0,64,4.051,56
closely_spaced_targets,16,no_fusion,0.0,0.0,0.0,0,0.0,0.0,122,0,0,0,Yes,0.0,64,4.051,57
closely_spaced_targets,17,no_fusion,0.0,0.0,0.0,0,0.0,0.0,122,0,0,0,Yes,0.0,64,4.051,58
closely_spaced_targets,18,no_fusion,0.0,0.0,0.0,0,0.0,0.0,122,0,0,0,Yes,0.0,64,4.051,59
closely_spaced_targets,19,no_fusion,0.0,0.0,0.0,0,0.0,0.0,122,0,0,0,Yes,0.0,64,4.051,60
closely_spaced_targets,20,no_fusion,0.0,0.0,0.0,0,0.0,0.0,122,0,0,0,Yes,0.0,64,4.051,61
env_clear,1,no_fusion,0.0,0.0,0.0,0,0.0,0.0,79,0,0,0,Yes,0.0,47,3.682,42
env_clear,2,no_fusion,0.0,0.0,0.0,0,0.0,0.0,79,0,0,0,Yes,0.0,47,3.682,43
env_clear,3,no_fusion,0.0,0.0,0.0,0,0.0,0.0,79,0,0,0,Yes,0.0,47,3.682,44
env_clear,4,no_fusion,0.0,0.0,0.0,0,0.0,0.0,79,0,0,0,Yes,0.0,47,3.682,45
env_clear,5,no_fusion,0.0,0.0,0.0,0,0.0,0.0,79,0,0,0,Yes,0.0,47,3.682,46
env_clear,6,no_fusion,0.0,0.0,0.0,0,0.0,0.0,79,0,0,0,Yes,0.0,47,3.682,47
env_clear,7,no_fusion,0.0,0.0,0.0,0,0.0,0.0,79,0,0,0,Yes,0.0,47,3.682,48
env_clear,8,no_fusion,0.0,0.0,0.0,0,0.0,0.0,79,0,0,0,Yes,0.0,47,3.682,49
env_clear,9,no_fusion,0.0,0.0,0.0,0,0.0,0.0,79,0,0,0,Yes,0.0,47,3.682,50
env_clear,10,no_fusion,0.0,0.0,0.0,0,0.0,0.0,79,0,0,0,Yes,0.0,47,3.682,51
env_clear,11,no_fusion,0.0,0.0,0.0,0,0.0,0.0,79,0,0,0,Yes,0.0,47,3.682,52
env_clear,12,no_fusion,0.0,0.0,0.0,0,0.0,0.0,79,0,0,0,Yes,0.0,47,3.682,53
env_clear,13,no_fusion,0.0,0.0,0.0,0,0.0,0.0,79,0,0,0,Yes,0.0,47,3.682,54
env_clear,14,no_fusion,0.0,0.0,0.0,0,0.0,0.0,79,0,0,0,Yes,0.0,47,3.682,55
env_clear,15,no_fusion,0.0,0.0,0.0,0,0.0,0.0,79,0,0,0,Yes,0.0,47,3.682,56
env_clear,16,no_fusion,0.0,0.0,0.0,0,0.0,0.0,79,0,0,0,Yes,0.0,47,3.682,57
env_clear,17,no_fusion,0.0,0.0,0.0,0,0.0,0.0,79,0,0,0,Yes,0.0,47,3.682,58
env_clear,18,no_fusion,0.0,0.0,0.0,0,0.0,0.0,79,0,0,0,Yes,0.0,47,3.682,59
env_clear,19,no_fusion,0.0,0.0,0.0,0,0.0,0.0,79,0,0,0,Yes,0.0,47,3.682,60
env_clear,20,no_fusion,0.0,0.0,0.0,0,0.0,0.0,79,0,0,0,Yes,0.0,47,3.682,61
env_low_visibility,1,no_fusion,0.0,0.35,2.0,0,0.01,0.2,207,0,62,0,No,0.2,139,4.242,42
env_low_visibility,2,no_fusion,0.0,0.35,2.0,0,0.01,0.2,194,0,57,0,No,0.1,152,4.51,43
env_low_visibility,3,no_fusion,0.0,0.35,2.0,0,0.01,0.2,168,0,47,0,No,0.062,116,4.536,44
env_low_visibility,4,no_fusion,0.0,0.35,2.0,0,0.01,0.2,193,0,56,0,Yes,0.163,146,4.772,45
env_low_visibility,5,no_fusion,0.0,0.35,2.0,0,0.01,0.2,202,0,59,0,No,0.1,137,5.039,46
env_low_visibility,6,no_fusion,0.0,0.35,2.0,0,0.01,0.2,194,0,52,0,No,0.075,125,4.649,47
env_low_visibility,7,no_fusion,0.0,0.35,2.0,0,0.01,0.2,176,0,55,0,No,0.188,106,4.567,48
env_low_visibility,8,no_fusion,0.0,0.35,2.0,0,0.01,0.2,166,0,54,0,No,0.125,122,4.58,49
env_low_visibility,9,no_fusion,0.0,0.35,2.0,0,0.01,0.2,222,0,73,0,No,0.075,107,4.051,50
env_low_visibility,10,no_fusion,0.0,0.35,2.0,0,0.01,0.2,190,0,62,0,No,0.05,144,4.36,51
env_low_visibility,11,no_fusion,0.0,0.35,2.0,0,0.01,0.2,180,0,57,0,No,0.075,114,4.646,52
env_low_visibility,12,no_fusion,0.0,0.35,2.0,0,0.01,0.2,179,0,43,0,No,0.125,102,5.161,53
env_low_visibility,13,no_fusion,0.0,0.35,2.0,0,0.01,0.2,197,0,55,0,No,0.138,81,3.515,54
env_low_visibility,14,no_fusion,0.0,0.35,2.0,0,0.01,0.2,186,0,56,0,No,0.075,147,4.334,55
env_low_visibility,15,no_fusion,0.0,0.35,2.0,0,0.01,0.2,215,0,68,0,No,0.075,139,4.75,56
env_low_visibility,16,no_fusion,0.0,0.35,2.0,0,0.01,0.2,133,0,31,0,No,0.05,96,4.44,57
env_low_visibility,17,no_fusion,0.0,0.35,2.0,0,0.01,0.2,174,0,46,0,No,0.1,128,4.773,58
env_low_visibility,18,no_fusion,0.0,0.35,2.0,0,0.01,0.2,187,0,54,0,No,0.1,133,4.449,59
env_low_visibility,19,no_fusion,0.0,0.35,2.0,0,0.01,0.2,92,0,24,0,No,0.125,55,4.762,60
env_low_visibility,20,no_fusion,0.0,0.35,2.0,0,0.01,0.2,180,0,50,0,No,0.088,106,4.607,61
env_fog,1,no_fusion,0.0,0.55,3.5,0,0.04,0.3,247,0,136,0,No,0.325,93,3.779,42
env_fog,2,no_fusion,0.0,0.55,3.5,0,0.04,0.3,216,0,113,0,No,0.488,87,3.52,43
env_fog,3,no_fusion,0.0,0.55,3.5,0,0.04,0.3,239,0,123,0,No,0.463,115,4.418,44
env_fog,4,no_fusion,0.0,0.55,3.5,0,0.04,0.3,256,0,133,0,No,0.537,119,4.42,45
env_fog,5,no_fusion,0.0,0.55,3.5,0,0.04,0.3,244,0,146,0,No,0.7,96,3.543,46
env_fog,6,no_fusion,0.0,0.55,3.5,0,0.04,0.3,241,0,142,0,No,0.363,95,3.824,47
env_fog,7,no_fusion,0.0,0.55,3.5,0,0.04,0.3,227,0,114,0,No,0.55,104,4.107,48
env_fog,8,no_fusion,0.0,0.55,3.5,0,0.04,0.3,262,0,153,0,No,0.45,103,3.392,49
env_fog,9,no_fusion,0.0,0.55,3.5,0,0.04,0.3,267,0,139,0,No,0.288,102,3.568,50
env_fog,10,no_fusion,0.0,0.55,3.5,0,0.04,0.3,200,0,120,0,No,0.388,95,3.933,51
env_fog,11,no_fusion,0.0,0.55,3.5,0,0.04,0.3,246,0,129,0,No,0.325,93,3.928,52
env_fog,12,no_fusion,0.0,0.55,3.5,0,0.04,0.3,232,0,110,0,No,0.4,106,3.918,53
env_fog,13,no_fusion,0.0,0.55,3.5,0,0.04,0.3,278,0,149,0,No,0.525,136,3.445,54
env_fog,14,no_fusion,0.0,0.55,3.5,0,0.04,0.3,236,0,122,0,No,0.4,116,3.855,55
env_fog,15,no_fusion,0.0,0.55,3.5,0,0.04,0.3,233,0,119,0,No,0.45,102,4.027,56
env_fog,16,no_fusion,0.0,0.55,3.5,0,0.04,0.3,268,0,149,0,No,0.388,130,3.252,57
env_fog,17,no_fusion,0.0,0.55,3.5,0,0.04,0.3,228,0,130,0,No,0.375,107,3.868,58
env_fog,18,no_fusion,0.0,0.55,3.5,0,0.04,0.3,243,0,136,0,No,0.163,120,3.867,59
env_fog,19,no_fusion,0.0,0.55,3.5,0,0.04,0.3,244,0,134,0,No,0.188,111,3.283,60
env_fog,20,no_fusion,0.0,0.55,3.5,0,0.04,0.3,228,0,117,0,No,0.15,120,4.319,61
env_heavy_clutter,1,no_fusion,0.0,0.1,0.5,0,0.0,0.05,140,0,8,0,No,0.038,89,3.576,42
env_heavy_clutter,2,no_fusion,0.0,0.1,0.5,0,0.0,0.05,124,0,4,0,No,0.013,72,3.393,43
env_heavy_clutter,3,no_fusion,0.0,0.1,0.5,0,0.0,0.05,125,0,9,0,No,0.013,75,3.391,44
env_heavy_clutter,4,no_fusion,0.0,0.1,0.5,0,0.0,0.05,133,0,12,0,No,0.038,74,3.389,45
env_heavy_clutter,5,no_fusion,0.0,0.1,0.5,0,0.0,0.05,148,0,11,0,No,0.038,76,3.584,46
env_heavy_clutter,6,no_fusion,0.0,0.1,0.5,0,0.0,0.05,138,0,12,0,No,0.013,69,3.289,47
env_heavy_clutter,7,no_fusion,0.0,0.1,0.5,0,0.0,0.05,120,0,5,0,No,0.025,62,3.405,48
env_heavy_clutter,8,no_fusion,0.0,0.1,0.5,0,0.0,0.05,125,0,8,0,No,0.025,61,3.433,49
env_heavy_clutter,9,no_fusion,0.0,0.1,0.5,0,0.0,0.05,131,0,10,0,No,0.013,62,3.313,50
env_heavy_clutter,10,no_fusion,0.0,0.1,0.5,0,0.0,0.05,128,0,14,0,No,0.038,67,3.295,51
env_heavy_clutter,11,no_fusion,0.0,0.1,0.5,0,0.0,0.05,135,0,12,0,No,0.038,84,3.413,52
env_heavy_clutter,12,no_fusion,0.0,0.1,0.5,0,0.0,0.05,137,0,13,0,No,0.038,65,3.427,53
env_heavy_clutter,13,no_fusion,0.0,0.1,0.5,0,0.0,0.05,132,0,8,0,No,0.038,67,3.438,54
env_heavy_clutter,14,no_fusion,0.0,0.1,0.5,0,0.0,0.05,124,0,7,0,No,0.025,62,3.47,55
env_heavy_clutter,15,no_fusion,0.0,0.1,0.5,0,0.0,0.05,123,0,7,0,No,0.05,76,3.425,56
env_heavy_clutter,16,no_fusion,0.0,0.1,0.5,0,0.0,0.05,139,0,11,0,No,0.025,74,3.958,57
env_heavy_clutter,17,no_fusion,0.0,0.1,0.5,0,0.0,0.05,133,0,9,0,No,0.025,75,3.311,58
env_heavy_clutter,18,no_fusion,0.0,0.1,0.5,0,0.0,0.05,148,0,11,0,No,0.038,69,3.626,59
env_heavy_clutter,19,no_fusion,0.0,0.1,0.5,0,0.0,0.05,134,0,12,0,No,0.025,60,3.447,60
env_heavy_clutter,20,no_fusion,0.0,0.1,0.5,0,0.0,0.05,148,0,11,0,No,0.013,77,3.602,61
env_communication_delay,1,no_fusion,0.0,0.0,0.0,6,0.01,0.0,113,0,0,0,Yes,1.2,63,4.039,42
env_communication_delay,2,no_fusion,0.0,0.0,0.0,6,0.01,0.0,116,0,9,0,No,1.2,58,4.188,43
env_communication_delay,3,no_fusion,0.0,0.0,0.0,6,0.01,0.0,111,0,5,0,Yes,1.2,66,4.667,44
env_communication_delay,4,no_fusion,0.0,0.0,0.0,6,0.01,0.0,109,0,6,0,No,1.2,57,4.024,45
env_communication_delay,5,no_fusion,0.0,0.0,0.0,6,0.01,0.0,106,0,0,0,No,1.2,57,4.129,46
env_communication_delay,6,no_fusion,0.0,0.0,0.0,6,0.01,0.0,88,0,0,0,No,1.2,47,4.302,47
env_communication_delay,7,no_fusion,0.0,0.0,0.0,6,0.01,0.0,106,0,4,0,No,1.2,57,4.133,48
env_communication_delay,8,no_fusion,0.0,0.0,0.0,6,0.01,0.0,84,0,0,0,No,1.225,43,4.505,49
env_communication_delay,9,no_fusion,0.0,0.0,0.0,6,0.01,0.0,92,0,0,0,Yes,1.25,52,3.873,50
env_communication_delay,10,no_fusion,0.0,0.0,0.0,6,0.01,0.0,104,0,9,0,No,1.2,56,3.988,51
env_communication_delay,11,no_fusion,0.0,0.0,0.0,6,0.01,0.0,90,0,0,0,No,1.2,45,4.706,52
env_communication_delay,12,no_fusion,0.0,0.0,0.0,6,0.01,0.0,106,0,0,0,Yes,1.2,58,4.072,53
env_communication_delay,13,no_fusion,0.0,0.0,0.0,6,0.01,0.0,88,0,0,0,Yes,1.2,49,3.881,54
env_communication_delay,14,no_fusion,0.0,0.0,0.0,6,0.01,0.0,119,0,15,0,No,1.225,60,4.605,55
env_communication_delay,15,no_fusion,0.0,0.0,0.0,6,0.01,0.0,97,0,10,0,No,1.2,55,4.168,56
env_communication_delay,16,no_fusion,0.0,0.0,0.0,6,0.01,0.0,96,0,1,0,No,1.2,50,3.928,57
env_communication_delay,17,no_fusion,0.0,0.0,0.0,6,0.01,0.0,111,0,0,0,No,1.238,61,3.949,58
env_communication_delay,18,no_fusion,0.0,0.0,0.0,6,0.01,0.0,106,0,1,0,Yes,1.2,58,4.156,59
env_communication_delay,19,no_fusion,0.0,0.0,0.0,6,0.01,0.0,102,0,3,0,No,1.2,56,4.011,60
env_communication_delay,20,no_fusion,0.0,0.0,0.0,6,0.01,0.0,111,0,0,0,No,1.2,61,4.483,61
env_partial_sensor_failure,1,no_fusion,0.0,0.0,0.0,0,0.0,0.0,79,0,0,0,Yes,0.0,47,3.682,42
env_partial_sensor_failure,2,no_fusion,0.0,0.0,0.0,0,0.0,0.0,79,0,0,0,Yes,0.0,47,3.682,43
env_partial_sensor_failure,3,no_fusion,0.0,0.0,0.0,0,0.0,0.0,79,0,0,0,Yes,0.0,47,3.682,44
env_partial_sensor_failure,4,no_fusion,0.0,0.0,0.0,0,0.0,0.0,79,0,0,0,Yes,0.0,47,3.682,45
env_partial_sensor_failure,5,no_fusion,0.0,0.0,0.0,0,0.0,0.0,79,0,0,0,Yes,0.0,47,3.682,46
env_partial_sensor_failure,6,no_fusion,0.0,0.0,0.0,0,0.0,0.0,79,0,0,0,Yes,0.0,47,3.682,47
env_partial_sensor_failure,7,no_fusion,0.0,0.0,0.0,0,0.0,0.0,79,0,0,0,Yes,0.0,47,3.682,48
env_partial_sensor_failure,8,no_fusion,0.0,0.0,0.0,0,0.0,0.0,79,0,0,0,Yes,0.0,47,3.682,49
env_partial_sensor_failure,9,no_fusion,0.0,0.0,0.0,0,0.0,0.0,79,0,0,0,Yes,0.0,47,3.682,50
env_partial_sensor_failure,10,no_fusion,0.0,0.0,0.0,0,0.0,0.0,79,0,0,0,Yes,0.0,47,3.682,51
env_partial_sensor_failure,11,no_fusion,0.0,0.0,0.0,0,0.0,0.0,79,0,0,0,Yes,0.0,47,3.682,52
env_partial_sensor_failure,12,no_fusion,0.0,0.0,0.0,0,0.0,0.0,79,0,0,0,Yes,0.0,47,3.682,53
env_partial_sensor_failure,13,no_fusion,0.0,0.0,0.0,0,0.0,0.0,79,0,0,0,Yes,0.0,47,3.682,54
env_partial_sensor_failure,14,no_fusion,0.0,0.0,0.0,0,0.0,0.0,79,0,0,0,Yes,0.0,47,3.682,55
env_partial_sensor_failure,15,no_fusion,0.0,0.0,0.0,0,0.0,0.0,79,0,0,0,Yes,0.0,47,3.682,56
env_partial_sensor_failure,16,no_fusion,0.0,0.0,0.0,0,0.0,0.0,79,0,0,0,Yes,0.0,47,3.682,57
env_partial_sensor_failure,17,no_fusion,0.0,0.0,0.0,0,0.0,0.0,79,0,0,0,Yes,0.0,47,3.682,58
env_partial_sensor_failure,18,no_fusion,0.0,0.0,0.0,0,0.0,0.0,79,0,0,0,Yes,0.0,47,3.682,59
env_partial_sensor_failure,19,no_fusion,0.0,0.0,0.0,0,0.0,0.0,79,0,0,0,Yes,0.0,47,3.682,60
env_partial_sensor_failure,20,no_fusion,0.0,0.0,0.0,0,0.0,0.0,79,0,0,0,Yes,0.0,47,3.682,61
perfect_communication,1,trust_weighted_fusion,0.0,0.2,1.5,0,0.0,0.15,70,0,10,74,No,0.1,35,3.868,42
perfect_communication,2,trust_weighted_fusion,0.0,0.2,1.5,0,0.0,0.15,81,0,8,82,No,0.075,38,3.925,43
perfect_communication,3,trust_weighted_fusion,0.0,0.2,1.5,0,0.0,0.15,68,0,5,85,No,0.025,32,4.061,44
perfect_communication,4,trust_weighted_fusion,0.0,0.2,1.5,0,0.0,0.15,98,0,15,77,No,0.05,41,3.811,45
perfect_communication,5,trust_weighted_fusion,0.0,0.2,1.5,0,0.0,0.15,82,0,7,76,No,0.025,38,4.272,46
perfect_communication,6,trust_weighted_fusion,0.0,0.2,1.5,0,0.0,0.15,86,0,6,89,Yes,0.013,44,3.75,47
perfect_communication,7,trust_weighted_fusion,0.0,0.2,1.5,0,0.0,0.15,88,0,8,86,No,0.013,31,4.037,48
perfect_communication,8,trust_weighted_fusion,0.0,0.2,1.5,0,0.0,0.15,90,0,8,113,Yes,0.013,49,4.284,49
perfect_communication,9,trust_weighted_fusion,0.0,0.2,1.5,0,0.0,0.15,88,0,16,71,No,0.025,45,4.256,50
perfect_communication,10,trust_weighted_fusion,0.0,0.2,1.5,0,0.0,0.15,89,0,14,84,Yes,0.062,52,3.956,51
perfect_communication,11,trust_weighted_fusion,0.0,0.2,1.5,0,0.0,0.15,80,0,8,75,Yes,0.088,46,4.064,52
perfect_communication,12,trust_weighted_fusion,0.0,0.2,1.5,0,0.0,0.15,100,0,13,80,Yes,0.013,52,4.119,53
perfect_communication,13,trust_weighted_fusion,0.0,0.2,1.5,0,0.0,0.15,93,0,11,88,Yes,0.025,55,3.873,54
perfect_communication,14,trust_weighted_fusion,0.0,0.2,1.5,0,0.0,0.15,90,0,10,85,No,0.025,41,3.811,55
perfect_communication,15,trust_weighted_fusion,0.0,0.2,1.5,0,0.0,0.15,85,0,7,78,Yes,0.062,53,3.941,56
perfect_communication,16,trust_weighted_fusion,0.0,0.2,1.5,0,0.0,0.15,98,0,6,86,No,0.05,36,3.844,57
perfect_communication,17,trust_weighted_fusion,0.0,0.2,1.5,0,0.0,0.15,78,0,5,83,No,0.013,38,3.79,58
perfect_communication,18,trust_weighted_fusion,0.0,0.2,1.5,0,0.0,0.15,131,0,14,82,No,0.038,58,4.736,59
perfect_communication,19,trust_weighted_fusion,0.0,0.2,1.5,0,0.0,0.15,110,0,16,68,Yes,0.038,61,4.318,60
perfect_communication,20,trust_weighted_fusion,0.0,0.2,1.5,0,0.0,0.15,76,0,10,85,Yes,0.038,38,4.016,61
low_packet_loss,1,trust_weighted_fusion,0.0,0.2,1.5,0,0.0,0.15,70,0,10,74,No,0.1,35,3.868,42
low_packet_loss,2,trust_weighted_fusion,0.0,0.2,1.5,0,0.0,0.15,81,0,8,82,No,0.075,38,3.925,43
low_packet_loss,3,trust_weighted_fusion,0.0,0.2,1.5,0,0.0,0.15,68,0,5,85,No,0.025,32,4.061,44
low_packet_loss,4,trust_weighted_fusion,0.0,0.2,1.5,0,0.0,0.15,98,0,15,77,No,0.05,41,3.811,45
low_packet_loss,5,trust_weighted_fusion,0.0,0.2,1.5,0,0.0,0.15,82,0,7,76,No,0.025,38,4.272,46
low_packet_loss,6,trust_weighted_fusion,0.0,0.2,1.5,0,0.0,0.15,86,0,6,89,Yes,0.013,44,3.75,47
low_packet_loss,7,trust_weighted_fusion,0.0,0.2,1.5,0,0.0,0.15,88,0,8,86,No,0.013,31,4.037,48
low_packet_loss,8,trust_weighted_fusion,0.0,0.2,1.5,0,0.0,0.15,90,0,8,113,Yes,0.013,49,4.284,49
low_packet_loss,9,trust_weighted_fusion,0.0,0.2,1.5,0,0.0,0.15,88,0,16,71,No,0.025,45,4.256,50
low_packet_loss,10,trust_weighted_fusion,0.0,0.2,1.5,0,0.0,0.15,89,0,14,84,Yes,0.062,52,3.956,51
low_packet_loss,11,trust_weighted_fusion,0.0,0.2,1.5,0,0.0,0.15,80,0,8,75,Yes,0.088,46,4.064,52
low_packet_loss,12,trust_weighted_fusion,0.0,0.2,1.5,0,0.0,0.15,100,0,13,80,Yes,0.013,52,4.119,53
low_packet_loss,13,trust_weighted_fusion,0.0,0.2,1.5,0,0.0,0.15,93,0,11,88,Yes,0.025,55,3.873,54
low_packet_loss,14,trust_weighted_fusion,0.0,0.2,1.5,0,0.0,0.15,90,0,10,85,No,0.025,41,3.811,55
low_packet_loss,15,trust_weighted_fusion,0.0,0.2,1.5,0,0.0,0.15,85,0,7,78,Yes,0.062,53,3.941,56
low_packet_loss,16,trust_weighted_fusion,0.0,0.2,1.5,0,0.0,0.15,98,0,6,86,No,0.05,36,3.844,57
low_packet_loss,17,trust_weighted_fusion,0.0,0.2,1.5,0,0.0,0.15,78,0,5,83,No,0.013,38,3.79,58
low_packet_loss,18,trust_weighted_fusion,0.0,0.2,1.5,0,0.0,0.15,131,0,14,82,No,0.038,58,4.736,59
low_packet_loss,19,trust_weighted_fusion,0.0,0.2,1.5,0,0.0,0.15,110,0,16,68,Yes,0.038,61,4.318,60
low_packet_loss,20,trust_weighted_fusion,0.0,0.2,1.5,0,0.0,0.15,76,0,10,85,Yes,0.038,38,4.016,61
high_packet_loss,1,trust_weighted_fusion,0.0,0.2,1.5,0,0.0,0.15,70,0,10,74,No,0.1,35,3.868,42
high_packet_loss,2,trust_weighted_fusion,0.0,0.2,1.5,0,0.0,0.15,81,0,8,82,No,0.075,38,3.925,43
high_packet_loss,3,trust_weighted_fusion,0.0,0.2,1.5,0,0.0,0.15,68,0,5,85,No,0.025,32,4.061,44
high_packet_loss,4,trust_weighted_fusion,0.0,0.2,1.5,0,0.0,0.15,98,0,15,77,No,0.05,41,3.811,45
high_packet_loss,5,trust_weighted_fusion,0.0,0.2,1.5,0,0.0,0.15,82,0,7,76,No,0.025,38,4.272,46
high_packet_loss,6,trust_weighted_fusion,0.0,0.2,1.5,0,0.0,0.15,86,0,6,89,Yes,0.013,44,3.75,47
high_packet_loss,7,trust_weighted_fusion,0.0,0.2,1.5,0,0.0,0.15,88,0,8,86,No,0.013,31,4.037,48
high_packet_loss,8,trust_weighted_fusion,0.0,0.2,1.5,0,0.0,0.15,90,0,8,113,Yes,0.013,49,4.284,49
high_packet_loss,9,trust_weighted_fusion,0.0,0.2,1.5,0,0.0,0.15,88,0,16,71,No,0.025,45,4.256,50
high_packet_loss,10,trust_weighted_fusion,0.0,0.2,1.5,0,0.0,0.15,89,0,14,84,Yes,0.062,52,3.956,51
high_packet_loss,11,trust_weighted_fusion,0.0,0.2,1.5,0,0.0,0.15,80,0,8,75,Yes,0.088,46,4.064,52
high_packet_loss,12,trust_weighted_fusion,0.0,0.2,1.5,0,0.0,0.15,100,0,13,80,Yes,0.013,52,4.119,53
high_packet_loss,13,trust_weighted_fusion,0.0,0.2,1.5,0,0.0,0.15,93,0,11,88,Yes,0.025,55,3.873,54
high_packet_loss,14,trust_weighted_fusion,0.0,0.2,1.5,0,0.0,0.15,90,0,10,85,No,0.025,41,3.811,55
high_packet_loss,15,trust_weighted_fusion,0.0,0.2,1.5,0,0.0,0.15,85,0,7,78,Yes,0.062,53,3.941,56
high_packet_loss,16,trust_weighted_fusion,0.0,0.2,1.5,0,0.0,0.15,98,0,6,86,No,0.05,36,3.844,57
high_packet_loss,17,trust_weighted_fusion,0.0,0.2,1.5,0,0.0,0.15,78,0,5,83,No,0.013,38,3.79,58
high_packet_loss,18,trust_weighted_fusion,0.0,0.2,1.5,0,0.0,0.15,131,0,14,82,No,0.038,58,4.736,59
high_packet_loss,19,trust_weighted_fusion,0.0,0.2,1.5,0,0.0,0.15,110,0,16,68,Yes,0.038,61,4.318,60
high_packet_loss,20,trust_weighted_fusion,0.0,0.2,1.5,0,0.0,0.15,76,0,10,85,Yes,0.038,38,4.016,61
short_communication_range,1,trust_weighted_fusion,0.0,0.2,1.5,0,0.0,0.15,70,0,10,74,No,0.1,35,3.868,42
short_communication_range,2,trust_weighted_fusion,0.0,0.2,1.5,0,0.0,0.15,81,0,8,82,No,0.075,38,3.925,43
short_communication_range,3,trust_weighted_fusion,0.0,0.2,1.5,0,0.0,0.15,68,0,5,85,No,0.025,32,4.061,44
short_communication_range,4,trust_weighted_fusion,0.0,0.2,1.5,0,0.0,0.15,98,0,15,77,No,0.05,41,3.811,45
short_communication_range,5,trust_weighted_fusion,0.0,0.2,1.5,0,0.0,0.15,82,0,7,76,No,0.025,38,4.272,46
short_communication_range,6,trust_weighted_fusion,0.0,0.2,1.5,0,0.0,0.15,86,0,6,89,Yes,0.013,44,3.75,47
short_communication_range,7,trust_weighted_fusion,0.0,0.2,1.5,0,0.0,0.15,88,0,8,86,No,0.013,31,4.037,48
short_communication_range,8,trust_weighted_fusion,0.0,0.2,1.5,0,0.0,0.15,90,0,8,113,Yes,0.013,49,4.284,49
short_communication_range,9,trust_weighted_fusion,0.0,0.2,1.5,0,0.0,0.15,88,0,16,71,No,0.025,45,4.256,50
short_communication_range,10,trust_weighted_fusion,0.0,0.2,1.5,0,0.0,0.15,89,0,14,84,Yes,0.062,52,3.956,51
short_communication_range,11,trust_weighted_fusion,0.0,0.2,1.5,0,0.0,0.15,80,0,8,75,Yes,0.088,46,4.064,52
short_communication_range,12,trust_weighted_fusion,0.0,0.2,1.5,0,0.0,0.15,100,0,13,80,Yes,0.013,52,4.119,53
short_communication_range,13,trust_weighted_fusion,0.0,0.2,1.5,0,0.0,0.15,93,0,11,88,Yes,0.025,55,3.873,54
short_communication_range,14,trust_weighted_fusion,0.0,0.2,1.5,0,0.0,0.15,90,0,10,85,No,0.025,41,3.811,55
short_communication_range,15,trust_weighted_fusion,0.0,0.2,1.5,0,0.0,0.15,85,0,7,78,Yes,0.062,53,3.941,56
short_communication_range,16,trust_weighted_fusion,0.0,0.2,1.5,0,0.0,0.15,98,0,6,86,No,0.05,36,3.844,57
short_communication_range,17,trust_weighted_fusion,0.0,0.2,1.5,0,0.0,0.15,78,0,5,83,No,0.013,38,3.79,58
short_communication_range,18,trust_weighted_fusion,0.0,0.2,1.5,0,0.0,0.15,131,0,14,82,No,0.038,58,4.736,59
short_communication_range,19,trust_weighted_fusion,0.0,0.2,1.5,0,0.0,0.15,110,0,16,68,Yes,0.038,61,4.318,60
short_communication_range,20,trust_weighted_fusion,0.0,0.2,1.5,0,0.0,0.15,76,0,10,85,Yes,0.038,38,4.016,61
delayed_track_sharing,1,trust_weighted_fusion,0.0,0.2,1.5,0,0.0,0.15,70,0,10,74,No,0.1,35,3.868,42
delayed_track_sharing,2,trust_weighted_fusion,0.0,0.2,1.5,0,0.0,0.15,81,0,8,82,No,0.075,38,3.925,43
delayed_track_sharing,3,trust_weighted_fusion,0.0,0.2,1.5,0,0.0,0.15,68,0,5,85,No,0.025,32,4.061,44
delayed_track_sharing,4,trust_weighted_fusion,0.0,0.2,1.5,0,0.0,0.15,98,0,15,77,No,0.05,41,3.811,45
delayed_track_sharing,5,trust_weighted_fusion,0.0,0.2,1.5,0,0.0,0.15,82,0,7,76,No,0.025,38,4.272,46
delayed_track_sharing,6,trust_weighted_fusion,0.0,0.2,1.5,0,0.0,0.15,86,0,6,89,Yes,0.013,44,3.75,47
delayed_track_sharing,7,trust_weighted_fusion,0.0,0.2,1.5,0,0.0,0.15,88,0,8,86,No,0.013,31,4.037,48
delayed_track_sharing,8,trust_weighted_fusion,0.0,0.2,1.5,0,0.0,0.15,90,0,8,113,Yes,0.013,49,4.284,49
delayed_track_sharing,9,trust_weighted_fusion,0.0,0.2,1.5,0,0.0,0.15,88,0,16,71,No,0.025,45,4.256,50
delayed_track_sharing,10,trust_weighted_fusion,0.0,0.2,1.5,0,0.0,0.15,89,0,14,84,Yes,0.062,52,3.956,51
delayed_track_sharing,11,trust_weighted_fusion,0.0,0.2,1.5,0,0.0,0.15,80,0,8,75,Yes,0.088,46,4.064,52
delayed_track_sharing,12,trust_weighted_fusion,0.0,0.2,1.5,0,0.0,0.15,100,0,13,80,Yes,0.013,52,4.119,53
delayed_track_sharing,13,trust_weighted_fusion,0.0,0.2,1.5,0,0.0,0.15,93,0,11,88,Yes,0.025,55,3.873,54
delayed_track_sharing,14,trust_weighted_fusion,0.0,0.2,1.5,0,0.0,0.15,90,0,10,85,No,0.025,41,3.811,55
delayed_track_sharing,15,trust_weighted_fusion,0.0,0.2,1.5,0,0.0,0.15,85,0,7,78,Yes,0.062,53,3.941,56
delayed_track_sharing,16,trust_weighted_fusion,0.0,0.2,1.5,0,0.0,0.15,98,0,6,86,No,0.05,36,3.844,57
delayed_track_sharing,17,trust_weighted_fusion,0.0,0.2,1.5,0,0.0,0.15,78,0,5,83,No,0.013,38,3.79,58
delayed_track_sharing,18,trust_weighted_fusion,0.0,0.2,1.5,0,0.0,0.15,131,0,14,82,No,0.038,58,4.736,59
delayed_track_sharing,19,trust_weighted_fusion,0.0,0.2,1.5,0,0.0,0.15,110,0,16,68,Yes,0.038,61,4.318,60
delayed_track_sharing,20,trust_weighted_fusion,0.0,0.2,1.5,0,0.0,0.15,76,0,10,85,Yes,0.038,38,4.016,61
communication_outage,1,trust_weighted_fusion,0.0,0.2,1.5,0,0.0,0.15,70,0,10,74,No,0.1,35,3.868,42
communication_outage,2,trust_weighted_fusion,0.0,0.2,1.5,0,0.0,0.15,81,0,8,82,No,0.075,38,3.925,43
communication_outage,3,trust_weighted_fusion,0.0,0.2,1.5,0,0.0,0.15,68,0,5,85,No,0.025,32,4.061,44
communication_outage,4,trust_weighted_fusion,0.0,0.2,1.5,0,0.0,0.15,98,0,15,77,No,0.05,41,3.811,45
communication_outage,5,trust_weighted_fusion,0.0,0.2,1.5,0,0.0,0.15,82,0,7,76,No,0.025,38,4.272,46
communication_outage,6,trust_weighted_fusion,0.0,0.2,1.5,0,0.0,0.15,86,0,6,89,Yes,0.013,44,3.75,47
communication_outage,7,trust_weighted_fusion,0.0,0.2,1.5,0,0.0,0.15,88,0,8,86,No,0.013,31,4.037,48
communication_outage,8,trust_weighted_fusion,0.0,0.2,1.5,0,0.0,0.15,90,0,8,113,Yes,0.013,49,4.284,49
communication_outage,9,trust_weighted_fusion,0.0,0.2,1.5,0,0.0,0.15,88,0,16,71,No,0.025,45,4.256,50
communication_outage,10,trust_weighted_fusion,0.0,0.2,1.5,0,0.0,0.15,89,0,14,84,Yes,0.062,52,3.956,51
communication_outage,11,trust_weighted_fusion,0.0,0.2,1.5,0,0.0,0.15,80,0,8,75,Yes,0.088,46,4.064,52
communication_outage,12,trust_weighted_fusion,0.0,0.2,1.5,0,0.0,0.15,100,0,13,80,Yes,0.013,52,4.119,53
communication_outage,13,trust_weighted_fusion,0.0,0.2,1.5,0,0.0,0.15,93,0,11,88,Yes,0.025,55,3.873,54
communication_outage,14,trust_weighted_fusion,0.0,0.2,1.5,0,0.0,0.15,90,0,10,85,No,0.025,41,3.811,55
communication_outage,15,trust_weighted_fusion,0.0,0.2,1.5,0,0.0,0.15,85,0,7,78,Yes,0.062,53,3.941,56
communication_outage,16,trust_weighted_fusion,0.0,0.2,1.5,0,0.0,0.15,98,0,6,86,No,0.05,36,3.844,57
communication_outage,17,trust_weighted_fusion,0.0,0.2,1.5,0,0.0,0.15,78,0,5,83,No,0.013,38,3.79,58
communication_outage,18,trust_weighted_fusion,0.0,0.2,1.5,0,0.0,0.15,131,0,14,82,No,0.038,58,4.736,59
communication_outage,19,trust_weighted_fusion,0.0,0.2,1.5,0,0.0,0.15,110,0,16,68,Yes,0.038,61,4.318,60
communication_outage,20,trust_weighted_fusion,0.0,0.2,1.5,0,0.0,0.15,76,0,10,85,Yes,0.038,38,4.016,61
