scenario,run_number,fusion_mode,false_positive_rate,false_negative_rate,noise_level,latency_steps,dropout_probability,confidence_error_level,collision_risk_count,unnecessary_avoidance_count,missed_response_count,fusion_recovery_count,mission_success,avg_response_time_s,total_near_misses,avg_formation_error,seed,group,runtime_seconds,status
baseline,1,no_fusion,0.0,0.0,0.0,0,0.0,0.0,115,0,0,0,Yes,0.0,81,3.98,42,core,0.3083,PASS
baseline,2,no_fusion,0.0,0.0,0.0,0,0.0,0.0,115,0,0,0,Yes,0.0,81,3.98,43,core,0.4309,PASS
baseline,3,no_fusion,0.0,0.0,0.0,0,0.0,0.0,115,0,0,0,Yes,0.0,81,3.98,44,core,0.5209,PASS
baseline,4,no_fusion,0.0,0.0,0.0,0,0.0,0.0,115,0,0,0,Yes,0.0,81,3.98,45,core,0.4308,PASS
baseline,5,no_fusion,0.0,0.0,0.0,0,0.0,0.0,115,0,0,0,Yes,0.0,81,3.98,46,core,0.4954,PASS
false_positive,1,no_fusion,0.08,0.0,0.0,0,0.0,0.0,85,62,0,0,Yes,0.0,56,4.006,42,core,0.5491,PASS
false_positive,2,no_fusion,0.08,0.0,0.0,0,0.0,0.0,88,63,0,0,Yes,0.0,53,4.005,43,core,0.4413,PASS
false_positive,3,no_fusion,0.08,0.0,0.0,0,0.0,0.0,290,75,0,0,Yes,0.0,189,4.321,44,core,0.4333,PASS
false_positive,4,no_fusion,0.08,0.0,0.0,0,0.0,0.0,87,69,0,0,Yes,0.0,53,4.105,45,core,0.3987,PASS
false_positive,5,no_fusion,0.08,0.0,0.0,0,0.0,0.0,75,74,0,0,Yes,0.0,42,4.368,46,core,0.493,PASS
false_negative,1,no_fusion,0.0,0.25,0.0,0,0.0,0.0,90,0,11,0,Yes,0.113,51,4.119,42,core,0.6503,PASS
false_negative,2,no_fusion,0.0,0.25,0.0,0,0.0,0.0,86,0,14,0,Yes,0.05,52,4.2,43,core,0.8705,PASS
false_negative,3,no_fusion,0.0,0.25,0.0,0,0.0,0.0,97,0,16,0,Yes,0.125,58,4.136,44,core,0.5702,PASS
false_negative,4,no_fusion,0.0,0.25,0.0,0,0.0,0.0,76,0,11,0,Yes,0.088,43,4.109,45,core,0.5582,PASS
false_negative,5,no_fusion,0.0,0.25,0.0,0,0.0,0.0,95,0,9,0,Yes,0.15,56,4.141,46,core,0.4336,PASS
sensor_noise,1,no_fusion,0.0,0.0,1.5,0,0.0,0.0,161,0,0,0,Yes,0.0,111,4.307,42,core,0.3499,PASS
sensor_noise,2,no_fusion,0.0,0.0,1.5,0,0.0,0.0,148,0,0,0,No,0.0,88,3.787,43,core,0.3191,PASS
sensor_noise,3,no_fusion,0.0,0.0,1.5,0,0.0,0.0,155,0,0,0,No,0.0,90,3.719,44,core,0.3305,PASS
sensor_noise,4,no_fusion,0.0,0.0,1.5,0,0.0,0.0,156,0,0,0,Yes,0.0,109,4.367,45,core,0.3161,PASS
sensor_noise,5,no_fusion,0.0,0.0,1.5,0,0.0,0.0,178,0,0,0,No,0.0,101,3.913,46,core,0.3036,PASS
latency,1,no_fusion,0.0,0.0,0.0,5,0.0,0.0,80,0,0,0,Yes,1.0,43,4.527,42,core,0.3979,PASS
latency,2,no_fusion,0.0,0.0,0.0,5,0.0,0.0,80,0,0,0,Yes,1.0,43,4.527,43,core,0.5994,PASS
latency,3,no_fusion,0.0,0.0,0.0,5,0.0,0.0,80,0,0,0,Yes,1.0,43,4.527,44,core,0.4818,PASS
latency,4,no_fusion,0.0,0.0,0.0,5,0.0,0.0,80,0,0,0,Yes,1.0,43,4.527,45,core,0.399,PASS
latency,5,no_fusion,0.0,0.0,0.0,5,0.0,0.0,80,0,0,0,Yes,1.0,43,4.527,46,core,0.399,PASS
sensor_dropout,1,no_fusion,0.0,0.0,0.0,0,0.02,0.0,83,0,14,0,No,0.0,47,4.019,42,core,0.4745,PASS
sensor_dropout,2,no_fusion,0.0,0.0,0.0,0,0.02,0.0,77,0,20,0,Yes,0.15,43,3.898,43,core,0.3516,PASS
sensor_dropout,3,no_fusion,0.0,0.0,0.0,0,0.02,0.0,94,0,2,0,Yes,0.0,57,3.861,44,core,0.3135,PASS
sensor_dropout,4,no_fusion,0.0,0.0,0.0,0,0.02,0.0,95,0,1,0,Yes,0.375,57,4.491,45,core,0.3727,PASS
sensor_dropout,5,no_fusion,0.0,0.0,0.0,0,0.02,0.0,102,0,6,0,Yes,0.0,62,4.281,46,core,0.5836,PASS
confidence_error,1,no_fusion,0.0,0.0,0.0,0,0.0,0.35,115,0,0,0,Yes,0.0,81,3.98,42,core,0.6703,PASS
confidence_error,2,no_fusion,0.0,0.0,0.0,0,0.0,0.35,115,0,0,0,Yes,0.0,81,3.98,43,core,0.5077,PASS
confidence_error,3,no_fusion,0.0,0.0,0.0,0,0.0,0.35,115,0,0,0,Yes,0.0,81,3.98,44,core,0.3024,PASS
confidence_error,4,no_fusion,0.0,0.0,0.0,0,0.0,0.35,115,0,0,0,Yes,0.0,81,3.98,45,core,0.5658,PASS
confidence_error,5,no_fusion,0.0,0.0,0.0,0,0.0,0.35,115,0,0,0,Yes,0.0,81,3.98,46,core,0.2793,PASS
no_fusion_matched,1,no_fusion,0.0,0.2,1.5,0,0.0,0.15,187,0,26,0,No,0.075,96,3.933,42,core,0.3251,PASS
no_fusion_matched,2,no_fusion,0.0,0.2,1.5,0,0.0,0.15,188,0,30,0,No,0.075,98,3.484,43,core,0.675,PASS
no_fusion_matched,3,no_fusion,0.0,0.2,1.5,0,0.0,0.15,158,0,25,0,No,0.025,59,4.136,44,core,0.5965,PASS
no_fusion_matched,4,no_fusion,0.0,0.2,1.5,0,0.0,0.15,153,0,20,0,No,0.062,84,4.387,45,core,0.4736,PASS
no_fusion_matched,5,no_fusion,0.0,0.2,1.5,0,0.0,0.15,205,0,24,0,No,0.025,141,4.267,46,core,0.3406,PASS
naive_fusion,1,naive_fusion,0.0,0.2,1.5,0,0.0,0.15,96,0,6,109,Yes,0.075,50,4.504,42,core,0.6711,PASS
naive_fusion,2,naive_fusion,0.0,0.2,1.5,0,0.0,0.15,83,0,8,92,Yes,0.075,45,4.125,43,core,0.447,PASS
naive_fusion,3,naive_fusion,0.0,0.2,1.5,0,0.0,0.15,84,0,12,87,No,0.025,39,4.733,44,core,0.4601,PASS
naive_fusion,4,naive_fusion,0.0,0.2,1.5,0,0.0,0.15,94,0,12,100,Yes,0.05,52,4.335,45,core,0.4551,PASS
naive_fusion,5,naive_fusion,0.0,0.2,1.5,0,0.0,0.15,118,0,10,87,Yes,0.025,68,4.555,46,core,0.5983,PASS
trust_weighted_fusion,1,trust_weighted_fusion,0.0,0.2,1.5,0,0.0,0.15,62,0,6,92,Yes,0.075,31,4.379,42,core,1.0506,PASS
trust_weighted_fusion,2,trust_weighted_fusion,0.0,0.2,1.5,0,0.0,0.15,82,0,7,94,No,0.075,37,4.257,43,core,0.6755,PASS
trust_weighted_fusion,3,trust_weighted_fusion,0.0,0.2,1.5,0,0.0,0.15,88,0,12,91,Yes,0.025,51,4.5,44,core,0.3043,PASS
trust_weighted_fusion,4,trust_weighted_fusion,0.0,0.2,1.5,0,0.0,0.15,114,0,17,98,No,0.05,63,4.449,45,core,0.4417,PASS
trust_weighted_fusion,5,trust_weighted_fusion,0.0,0.2,1.5,0,0.0,0.15,99,0,10,87,Yes,0.025,52,4.575,46,core,0.5905,PASS
one_uav_obstacle,1,no_fusion,0.0,0.0,0.0,0,0.0,0.0,115,0,0,0,Yes,0.0,81,3.98,42,core,0.6383,PASS
one_uav_obstacle,2,no_fusion,0.0,0.0,0.0,0,0.0,0.0,115,0,0,0,Yes,0.0,81,3.98,43,core,0.6976,PASS
one_uav_obstacle,3,no_fusion,0.0,0.0,0.0,0,0.0,0.0,115,0,0,0,Yes,0.0,81,3.98,44,core,0.4538,PASS
one_uav_obstacle,4,no_fusion,0.0,0.0,0.0,0,0.0,0.0,115,0,0,0,Yes,0.0,81,3.98,45,core,0.4753,PASS
one_uav_obstacle,5,no_fusion,0.0,0.0,0.0,0,0.0,0.0,115,0,0,0,Yes,0.0,81,3.98,46,core,0.5421,PASS
multiple_obstacles,1,no_fusion,0.0,0.0,0.0,0,0.0,0.0,785,0,0,0,No,0.0,509,4.537,42,core,0.8044,PASS
multiple_obstacles,2,no_fusion,0.0,0.0,0.0,0,0.0,0.0,785,0,0,0,No,0.0,509,4.537,43,core,0.5826,PASS
multiple_obstacles,3,no_fusion,0.0,0.0,0.0,0,0.0,0.0,785,0,0,0,No,0.0,509,4.537,44,core,0.5803,PASS
multiple_obstacles,4,no_fusion,0.0,0.0,0.0,0,0.0,0.0,785,0,0,0,No,0.0,509,4.537,45,core,1.1527,PASS
multiple_obstacles,5,no_fusion,0.0,0.0,0.0,0,0.0,0.0,785,0,0,0,No,0.0,509,4.537,46,core,0.8261,PASS
two_crossing_targets,1,no_fusion,0.0,0.0,0.0,0,0.0,0.0,251,0,0,0,Yes,0.0,167,8.41,42,core,0.6237,PASS
two_crossing_targets,2,no_fusion,0.0,0.0,0.0,0,0.0,0.0,251,0,0,0,Yes,0.0,167,8.41,43,core,0.5345,PASS
two_crossing_targets,3,no_fusion,0.0,0.0,0.0,0,0.0,0.0,251,0,0,0,Yes,0.0,167,8.41,44,core,0.4141,PASS
two_crossing_targets,4,no_fusion,0.0,0.0,0.0,0,0.0,0.0,251,0,0,0,Yes,0.0,167,8.41,45,core,0.6644,PASS
two_crossing_targets,5,no_fusion,0.0,0.0,0.0,0,0.0,0.0,251,0,0,0,Yes,0.0,167,8.41,46,core,0.5882,PASS
moving_obstacle_approaching_swarm,1,no_fusion,0.0,0.0,0.0,0,0.0,0.0,305,0,0,0,Yes,0.0,179,3.071,42,core,0.5359,PASS
moving_obstacle_approaching_swarm,2,no_fusion,0.0,0.0,0.0,0,0.0,0.0,305,0,0,0,Yes,0.0,179,3.071,43,core,0.498,PASS
moving_obstacle_approaching_swarm,3,no_fusion,0.0,0.0,0.0,0,0.0,0.0,305,0,0,0,Yes,0.0,179,3.071,44,core,0.4916,PASS
moving_obstacle_approaching_swarm,4,no_fusion,0.0,0.0,0.0,0,0.0,0.0,305,0,0,0,Yes,0.0,179,3.071,45,core,0.4844,PASS
moving_obstacle_approaching_swarm,5,no_fusion,0.0,0.0,0.0,0,0.0,0.0,305,0,0,0,Yes,0.0,179,3.071,46,core,0.6301,PASS
target_temporarily_lost,1,no_fusion,0.0,0.0,0.0,0,0.0,0.0,169,0,0,0,Yes,0.0,97,3.065,42,core,0.4425,PASS
target_temporarily_lost,2,no_fusion,0.0,0.0,0.0,0,0.0,0.0,169,0,0,0,Yes,0.0,97,3.065,43,core,0.4251,PASS
target_temporarily_lost,3,no_fusion,0.0,0.0,0.0,0,0.0,0.0,169,0,0,0,Yes,0.0,97,3.065,44,core,0.3735,PASS
target_temporarily_lost,4,no_fusion,0.0,0.0,0.0,0,0.0,0.0,169,0,0,0,Yes,0.0,97,3.065,45,core,0.2956,PASS
target_temporarily_lost,5,no_fusion,0.0,0.0,0.0,0,0.0,0.0,169,0,0,0,Yes,0.0,97,3.065,46,core,0.3396,PASS
target_reappearing_after_dropout,1,no_fusion,0.0,0.0,0.0,0,0.03,0.0,120,0,7,0,No,0.0,58,3.089,42,core,0.3631,PASS
target_reappearing_after_dropout,2,no_fusion,0.0,0.0,0.0,0,0.03,0.0,148,0,28,0,No,0.0,73,3.055,43,core,0.3828,PASS
target_reappearing_after_dropout,3,no_fusion,0.0,0.0,0.0,0,0.03,0.0,96,0,5,0,Yes,0.6,48,3.004,44,core,0.2946,PASS
target_reappearing_after_dropout,4,no_fusion,0.0,0.0,0.0,0,0.03,0.0,106,0,12,0,Yes,0.6,53,3.078,45,core,0.3264,PASS
target_reappearing_after_dropout,5,no_fusion,0.0,0.0,0.0,0,0.03,0.0,193,0,17,0,Yes,0.0,110,2.958,46,core,0.5473,PASS
clutter_near_real_target,1,no_fusion,0.0,0.0,0.0,0,0.0,0.0,100,0,0,0,Yes,0.0,67,3.404,42,core,0.5655,PASS
clutter_near_real_target,2,no_fusion,0.0,0.0,0.0,0,0.0,0.0,100,0,0,0,Yes,0.0,67,3.404,43,core,0.4305,PASS
clutter_near_real_target,3,no_fusion,0.0,0.0,0.0,0,0.0,0.0,100,0,0,0,Yes,0.0,67,3.404,44,core,0.3078,PASS
clutter_near_real_target,4,no_fusion,0.0,0.0,0.0,0,0.0,0.0,100,0,0,0,Yes,0.0,67,3.404,45,core,0.2968,PASS
clutter_near_real_target,5,no_fusion,0.0,0.0,0.0,0,0.0,0.0,100,0,0,0,Yes,0.0,67,3.404,46,core,0.2918,PASS
closely_spaced_targets,1,no_fusion,0.0,0.0,0.0,0,0.0,0.0,215,0,0,0,Yes,0.0,122,4.013,42,core,0.3667,PASS
closely_spaced_targets,2,no_fusion,0.0,0.0,0.0,0,0.0,0.0,215,0,0,0,Yes,0.0,122,4.013,43,core,0.3517,PASS
closely_spaced_targets,3,no_fusion,0.0,0.0,0.0,0,0.0,0.0,215,0,0,0,Yes,0.0,122,4.013,44,core,0.3516,PASS
closely_spaced_targets,4,no_fusion,0.0,0.0,0.0,0,0.0,0.0,215,0,0,0,Yes,0.0,122,4.013,45,core,0.6655,PASS
closely_spaced_targets,5,no_fusion,0.0,0.0,0.0,0,0.0,0.0,215,0,0,0,Yes,0.0,122,4.013,46,core,0.6318,PASS
env_clear,1,no_fusion,0.0,0.0,0.0,0,0.0,0.0,115,0,0,0,Yes,0.0,81,3.98,42,core,0.3405,PASS
env_clear,2,no_fusion,0.0,0.0,0.0,0,0.0,0.0,115,0,0,0,Yes,0.0,81,3.98,43,core,0.4933,PASS
env_clear,3,no_fusion,0.0,0.0,0.0,0,0.0,0.0,115,0,0,0,Yes,0.0,81,3.98,44,core,0.3786,PASS
env_clear,4,no_fusion,0.0,0.0,0.0,0,0.0,0.0,115,0,0,0,Yes,0.0,81,3.98,45,core,0.2734,PASS
env_clear,5,no_fusion,0.0,0.0,0.0,0,0.0,0.0,115,0,0,0,Yes,0.0,81,3.98,46,core,0.2955,PASS
env_low_visibility,1,no_fusion,0.0,0.35,2.0,0,0.01,0.2,187,0,61,0,No,0.15,82,5.406,42,core,0.2607,PASS
env_low_visibility,2,no_fusion,0.0,0.35,2.0,0,0.01,0.2,305,0,100,0,No,0.113,126,6.979,43,core,0.3099,PASS
env_low_visibility,3,no_fusion,0.0,0.35,2.0,0,0.01,0.2,270,0,88,0,No,0.113,126,4.147,44,core,0.3835,PASS
env_low_visibility,4,no_fusion,0.0,0.35,2.0,0,0.01,0.2,193,0,57,0,No,0.15,140,5.666,45,core,0.3387,PASS
env_low_visibility,5,no_fusion,0.0,0.35,2.0,0,0.01,0.2,233,0,82,0,No,0.088,125,4.489,46,core,0.4742,PASS
env_fog,1,no_fusion,0.0,0.55,3.5,0,0.04,0.3,210,0,112,0,No,0.312,86,4.314,42,core,0.5411,PASS
env_fog,2,no_fusion,0.0,0.55,3.5,0,0.04,0.3,260,0,141,0,No,0.45,165,4.522,43,core,0.5574,PASS
env_fog,3,no_fusion,0.0,0.55,3.5,0,0.04,0.3,287,0,150,0,No,0.338,110,3.737,44,core,0.3874,PASS
env_fog,4,no_fusion,0.0,0.55,3.5,0,0.04,0.3,265,0,138,0,No,0.463,124,4.455,45,core,0.3701,PASS
env_fog,5,no_fusion,0.0,0.55,3.5,0,0.04,0.3,200,0,107,0,No,0.35,119,3.776,46,core,0.364,PASS
env_heavy_clutter,1,no_fusion,0.0,0.1,0.5,0,0.0,0.05,144,0,12,0,No,0.025,81,3.748,42,core,0.3547,PASS
env_heavy_clutter,2,no_fusion,0.0,0.1,0.5,0,0.0,0.05,180,0,13,0,No,0.0,98,3.667,43,core,0.334,PASS
env_heavy_clutter,3,no_fusion,0.0,0.1,0.5,0,0.0,0.05,143,0,14,0,No,0.025,88,3.428,44,core,0.3072,PASS
env_heavy_clutter,4,no_fusion,0.0,0.1,0.5,0,0.0,0.05,165,0,22,0,No,0.038,92,3.537,45,core,0.3122,PASS
env_heavy_clutter,5,no_fusion,0.0,0.1,0.5,0,0.0,0.05,140,0,15,0,No,0.025,84,3.541,46,core,0.354,PASS
env_communication_delay,1,no_fusion,0.0,0.0,0.0,6,0.01,0.0,102,0,5,0,No,1.2,56,4.695,42,core,0.3508,PASS
env_communication_delay,2,no_fusion,0.0,0.0,0.0,6,0.01,0.0,83,0,3,0,No,1.2,43,4.085,43,core,0.3956,PASS
env_communication_delay,3,no_fusion,0.0,0.0,0.0,6,0.01,0.0,93,0,1,0,Yes,1.2,54,4.387,44,core,0.5072,PASS
env_communication_delay,4,no_fusion,0.0,0.0,0.0,6,0.01,0.0,91,0,3,0,Yes,1.2,54,4.641,45,core,0.6547,PASS
env_communication_delay,5,no_fusion,0.0,0.0,0.0,6,0.01,0.0,99,0,6,0,Yes,1.2,57,5.238,46,core,0.4786,PASS
env_partial_sensor_failure,1,no_fusion,0.0,0.0,0.0,0,0.0,0.0,115,0,0,0,Yes,0.0,81,3.98,42,core,0.3627,PASS
env_partial_sensor_failure,2,no_fusion,0.0,0.0,0.0,0,0.0,0.0,115,0,0,0,Yes,0.0,81,3.98,43,core,0.5071,PASS
env_partial_sensor_failure,3,no_fusion,0.0,0.0,0.0,0,0.0,0.0,115,0,0,0,Yes,0.0,81,3.98,44,core,0.3555,PASS
env_partial_sensor_failure,4,no_fusion,0.0,0.0,0.0,0,0.0,0.0,115,0,0,0,Yes,0.0,81,3.98,45,core,0.3496,PASS
env_partial_sensor_failure,5,no_fusion,0.0,0.0,0.0,0,0.0,0.0,115,0,0,0,Yes,0.0,81,3.98,46,core,0.3848,PASS
perfect_communication,1,trust_weighted_fusion,0.0,0.2,1.5,0,0.0,0.15,62,0,6,92,Yes,0.075,31,4.379,42,core,0.4244,PASS
perfect_communication,2,trust_weighted_fusion,0.0,0.2,1.5,0,0.0,0.15,82,0,7,94,No,0.075,37,4.257,43,core,0.4438,PASS
perfect_communication,3,trust_weighted_fusion,0.0,0.2,1.5,0,0.0,0.15,88,0,12,91,Yes,0.025,51,4.5,44,core,0.7705,PASS
perfect_communication,4,trust_weighted_fusion,0.0,0.2,1.5,0,0.0,0.15,114,0,17,98,No,0.05,63,4.449,45,core,0.6184,PASS
perfect_communication,5,trust_weighted_fusion,0.0,0.2,1.5,0,0.0,0.15,99,0,10,87,Yes,0.025,52,4.575,46,core,0.5865,PASS
low_packet_loss,1,trust_weighted_fusion,0.0,0.2,1.5,0,0.0,0.15,62,0,6,92,Yes,0.075,31,4.379,42,core,0.3915,PASS
low_packet_loss,2,trust_weighted_fusion,0.0,0.2,1.5,0,0.0,0.15,82,0,7,94,No,0.075,37,4.257,43,core,0.3318,PASS
low_packet_loss,3,trust_weighted_fusion,0.0,0.2,1.5,0,0.0,0.15,88,0,12,91,Yes,0.025,51,4.5,44,core,0.3187,PASS
low_packet_loss,4,trust_weighted_fusion,0.0,0.2,1.5,0,0.0,0.15,114,0,17,98,No,0.05,63,4.449,45,core,0.4015,PASS
low_packet_loss,5,trust_weighted_fusion,0.0,0.2,1.5,0,0.0,0.15,99,0,10,87,Yes,0.025,52,4.575,46,core,0.3473,PASS
high_packet_loss,1,trust_weighted_fusion,0.0,0.2,1.5,0,0.0,0.15,62,0,6,92,Yes,0.075,31,4.379,42,core,0.4154,PASS
high_packet_loss,2,trust_weighted_fusion,0.0,0.2,1.5,0,0.0,0.15,82,0,7,94,No,0.075,37,4.257,43,core,0.7119,PASS
high_packet_loss,3,trust_weighted_fusion,0.0,0.2,1.5,0,0.0,0.15,88,0,12,91,Yes,0.025,51,4.5,44,core,0.6055,PASS
high_packet_loss,4,trust_weighted_fusion,0.0,0.2,1.5,0,0.0,0.15,114,0,17,98,No,0.05,63,4.449,45,core,0.4352,PASS
high_packet_loss,5,trust_weighted_fusion,0.0,0.2,1.5,0,0.0,0.15,99,0,10,87,Yes,0.025,52,4.575,46,core,0.3661,PASS
short_communication_range,1,trust_weighted_fusion,0.0,0.2,1.5,0,0.0,0.15,62,0,6,92,Yes,0.075,31,4.379,42,core,0.3711,PASS
short_communication_range,2,trust_weighted_fusion,0.0,0.2,1.5,0,0.0,0.15,82,0,7,94,No,0.075,37,4.257,43,core,0.2982,PASS
short_communication_range,3,trust_weighted_fusion,0.0,0.2,1.5,0,0.0,0.15,88,0,12,91,Yes,0.025,51,4.5,44,core,0.3302,PASS
short_communication_range,4,trust_weighted_fusion,0.0,0.2,1.5,0,0.0,0.15,114,0,17,98,No,0.05,63,4.449,45,core,0.4026,PASS
short_communication_range,5,trust_weighted_fusion,0.0,0.2,1.5,0,0.0,0.15,99,0,10,87,Yes,0.025,52,4.575,46,core,0.3472,PASS
delayed_track_sharing,1,trust_weighted_fusion,0.0,0.2,1.5,0,0.0,0.15,62,0,6,92,Yes,0.075,31,4.379,42,core,0.3595,PASS
delayed_track_sharing,2,trust_weighted_fusion,0.0,0.2,1.5,0,0.0,0.15,82,0,7,94,No,0.075,37,4.257,43,core,0.3474,PASS
delayed_track_sharing,3,trust_weighted_fusion,0.0,0.2,1.5,0,0.0,0.15,88,0,12,91,Yes,0.025,51,4.5,44,core,0.4314,PASS
delayed_track_sharing,4,trust_weighted_fusion,0.0,0.2,1.5,0,0.0,0.15,114,0,17,98,No,0.05,63,4.449,45,core,0.6664,PASS
delayed_track_sharing,5,trust_weighted_fusion,0.0,0.2,1.5,0,0.0,0.15,99,0,10,87,Yes,0.025,52,4.575,46,core,0.583,PASS
communication_outage,1,trust_weighted_fusion,0.0,0.2,1.5,0,0.0,0.15,62,0,6,92,Yes,0.075,31,4.379,42,core,0.3962,PASS
communication_outage,2,trust_weighted_fusion,0.0,0.2,1.5,0,0.0,0.15,82,0,7,94,No,0.075,37,4.257,43,core,0.3037,PASS
communication_outage,3,trust_weighted_fusion,0.0,0.2,1.5,0,0.0,0.15,88,0,12,91,Yes,0.025,51,4.5,44,core,0.3504,PASS
communication_outage,4,trust_weighted_fusion,0.0,0.2,1.5,0,0.0,0.15,114,0,17,98,No,0.05,63,4.449,45,core,0.3285,PASS
communication_outage,5,trust_weighted_fusion,0.0,0.2,1.5,0,0.0,0.15,99,0,10,87,Yes,0.025,52,4.575,46,core,0.2929,PASS
faulty_sensor_naive_fusion,1,naive_fusion,0.0,0.0,0.0,0,0.0,0.0,115,0,0,0,Yes,0.0,81,3.98,42,core,0.2667,PASS
faulty_sensor_naive_fusion,2,naive_fusion,0.0,0.0,0.0,0,0.0,0.0,115,0,0,0,Yes,0.0,81,3.98,43,core,0.2317,PASS
faulty_sensor_naive_fusion,3,naive_fusion,0.0,0.0,0.0,0,0.0,0.0,115,0,0,0,Yes,0.0,81,3.98,44,core,0.409,PASS
faulty_sensor_naive_fusion,4,naive_fusion,0.0,0.0,0.0,0,0.0,0.0,115,0,0,0,Yes,0.0,81,3.98,45,core,0.5506,PASS
faulty_sensor_naive_fusion,5,naive_fusion,0.0,0.0,0.0,0,0.0,0.0,115,0,0,0,Yes,0.0,81,3.98,46,core,0.44,PASS
faulty_sensor_confidence_weighted_fusion,1,confidence_weighted_fusion,0.0,0.0,0.0,0,0.0,0.0,115,0,0,0,Yes,0.0,81,3.98,42,core,0.3304,PASS
faulty_sensor_confidence_weighted_fusion,2,confidence_weighted_fusion,0.0,0.0,0.0,0,0.0,0.0,115,0,0,0,Yes,0.0,81,3.98,43,core,0.2614,PASS
faulty_sensor_confidence_weighted_fusion,3,confidence_weighted_fusion,0.0,0.0,0.0,0,0.0,0.0,115,0,0,0,Yes,0.0,81,3.98,44,core,0.3296,PASS
faulty_sensor_confidence_weighted_fusion,4,confidence_weighted_fusion,0.0,0.0,0.0,0,0.0,0.0,115,0,0,0,Yes,0.0,81,3.98,45,core,0.3294,PASS
faulty_sensor_confidence_weighted_fusion,5,confidence_weighted_fusion,0.0,0.0,0.0,0,0.0,0.0,115,0,0,0,Yes,0.0,81,3.98,46,core,0.3505,PASS
faulty_sensor_trust_weighted_fusion_fixed,1,trust_weighted_fusion,0.0,0.0,0.0,0,0.0,0.0,115,0,0,0,Yes,0.0,81,3.98,42,core,0.3248,PASS
faulty_sensor_trust_weighted_fusion_fixed,2,trust_weighted_fusion,0.0,0.0,0.0,0,0.0,0.0,115,0,0,0,Yes,0.0,81,3.98,43,core,0.2961,PASS
faulty_sensor_trust_weighted_fusion_fixed,3,trust_weighted_fusion,0.0,0.0,0.0,0,0.0,0.0,115,0,0,0,Yes,0.0,81,3.98,44,core,0.2383,PASS
faulty_sensor_trust_weighted_fusion_fixed,4,trust_weighted_fusion,0.0,0.0,0.0,0,0.0,0.0,115,0,0,0,Yes,0.0,81,3.98,45,core,0.2543,PASS
faulty_sensor_trust_weighted_fusion_fixed,5,trust_weighted_fusion,0.0,0.0,0.0,0,0.0,0.0,115,0,0,0,Yes,0.0,81,3.98,46,core,0.4471,PASS
faulty_sensor_trust_weighted_fusion_dynamic,1,trust_weighted_fusion,0.0,0.0,0.0,0,0.0,0.0,115,0,0,0,Yes,0.0,81,3.98,42,core,0.6394,PASS
faulty_sensor_trust_weighted_fusion_dynamic,2,trust_weighted_fusion,0.0,0.0,0.0,0,0.0,0.0,115,0,0,0,Yes,0.0,81,3.98,43,core,0.6903,PASS
faulty_sensor_trust_weighted_fusion_dynamic,3,trust_weighted_fusion,0.0,0.0,0.0,0,0.0,0.0,115,0,0,0,Yes,0.0,81,3.98,44,core,0.3709,PASS
faulty_sensor_trust_weighted_fusion_dynamic,4,trust_weighted_fusion,0.0,0.0,0.0,0,0.0,0.0,115,0,0,0,Yes,0.0,81,3.98,45,core,0.3517,PASS
faulty_sensor_trust_weighted_fusion_dynamic,5,trust_weighted_fusion,0.0,0.0,0.0,0,0.0,0.0,115,0,0,0,Yes,0.0,81,3.98,46,core,0.3136,PASS
faulty_sensor_covariance_weighted_fusion,1,covariance_weighted_fusion,0.0,0.0,0.0,0,0.0,0.0,115,0,0,0,Yes,0.0,81,3.98,42,core,0.3122,PASS
faulty_sensor_covariance_weighted_fusion,2,covariance_weighted_fusion,0.0,0.0,0.0,0,0.0,0.0,115,0,0,0,Yes,0.0,81,3.98,43,core,0.2971,PASS
faulty_sensor_covariance_weighted_fusion,3,covariance_weighted_fusion,0.0,0.0,0.0,0,0.0,0.0,115,0,0,0,Yes,0.0,81,3.98,44,core,0.4029,PASS
faulty_sensor_covariance_weighted_fusion,4,covariance_weighted_fusion,0.0,0.0,0.0,0,0.0,0.0,115,0,0,0,Yes,0.0,81,3.98,45,core,0.5502,PASS
faulty_sensor_covariance_weighted_fusion,5,covariance_weighted_fusion,0.0,0.0,0.0,0,0.0,0.0,115,0,0,0,Yes,0.0,81,3.98,46,core,0.4984,PASS
very_low_P_D,1,trust_weighted_fusion,0.0,0.0,0.0,0,0.0,0.0,115,0,0,0,Yes,0.0,81,3.98,42,core,0.4271,PASS
very_low_P_D,2,trust_weighted_fusion,0.0,0.0,0.0,0,0.0,0.0,115,0,0,0,Yes,0.0,81,3.98,43,core,0.3528,PASS
very_low_P_D,3,trust_weighted_fusion,0.0,0.0,0.0,0,0.0,0.0,115,0,0,0,Yes,0.0,81,3.98,44,core,0.3591,PASS
very_low_P_D,4,trust_weighted_fusion,0.0,0.0,0.0,0,0.0,0.0,115,0,0,0,Yes,0.0,81,3.98,45,core,0.3802,PASS
very_low_P_D,5,trust_weighted_fusion,0.0,0.0,0.0,0,0.0,0.0,115,0,0,0,Yes,0.0,81,3.98,46,core,0.374,PASS
very_high_P_FA,1,trust_weighted_fusion,0.0,0.0,0.0,0,0.0,0.0,115,0,0,0,Yes,0.0,81,3.98,42,core,0.3375,PASS
very_high_P_FA,2,trust_weighted_fusion,0.0,0.0,0.0,0,0.0,0.0,115,0,0,0,Yes,0.0,81,3.98,43,core,0.3489,PASS
very_high_P_FA,3,trust_weighted_fusion,0.0,0.0,0.0,0,0.0,0.0,115,0,0,0,Yes,0.0,81,3.98,44,core,0.589,PASS
very_high_P_FA,4,trust_weighted_fusion,0.0,0.0,0.0,0,0.0,0.0,115,0,0,0,Yes,0.0,81,3.98,45,core,0.6124,PASS
very_high_P_FA,5,trust_weighted_fusion,0.0,0.0,0.0,0,0.0,0.0,115,0,0,0,Yes,0.0,81,3.98,46,core,0.584,PASS
high_clutter,1,trust_weighted_fusion,0.0,0.0,0.0,0,0.0,0.0,115,0,0,0,Yes,0.0,81,3.98,42,core,0.3896,PASS
high_clutter,2,trust_weighted_fusion,0.0,0.0,0.0,0,0.0,0.0,115,0,0,0,Yes,0.0,81,3.98,43,core,0.3048,PASS
high_clutter,3,trust_weighted_fusion,0.0,0.0,0.0,0,0.0,0.0,115,0,0,0,Yes,0.0,81,3.98,44,core,0.2991,PASS
high_clutter,4,trust_weighted_fusion,0.0,0.0,0.0,0,0.0,0.0,115,0,0,0,Yes,0.0,81,3.98,45,core,0.4979,PASS
high_clutter,5,trust_weighted_fusion,0.0,0.0,0.0,0,0.0,0.0,115,0,0,0,Yes,0.0,81,3.98,46,core,0.3786,PASS
high_latency,1,trust_weighted_fusion,0.0,0.0,0.0,20,0.0,0.0,61,0,0,0,Yes,4.0,37,11.222,42,core,0.3218,PASS
high_latency,2,trust_weighted_fusion,0.0,0.0,0.0,20,0.0,0.0,61,0,0,0,Yes,4.0,37,11.222,43,core,0.5351,PASS
high_latency,3,trust_weighted_fusion,0.0,0.0,0.0,20,0.0,0.0,61,0,0,0,Yes,4.0,37,11.222,44,core,0.6422,PASS
high_latency,4,trust_weighted_fusion,0.0,0.0,0.0,20,0.0,0.0,61,0,0,0,Yes,4.0,37,11.222,45,core,0.5494,PASS
high_latency,5,trust_weighted_fusion,0.0,0.0,0.0,20,0.0,0.0,61,0,0,0,Yes,4.0,37,11.222,46,core,0.3197,PASS
high_dropout,1,trust_weighted_fusion,0.0,0.0,0.0,0,0.7,0.0,211,0,131,91,No,2.888,116,2.777,42,core,0.3309,PASS
high_dropout,2,trust_weighted_fusion,0.0,0.0,0.0,0,0.7,0.0,253,0,152,89,No,1.663,104,4.315,43,core,0.233,PASS
high_dropout,3,trust_weighted_fusion,0.0,0.0,0.0,0,0.7,0.0,243,0,162,73,No,1.325,98,3.888,44,core,0.2633,PASS
high_dropout,4,trust_weighted_fusion,0.0,0.0,0.0,0,0.7,0.0,255,0,160,91,No,3.325,116,4.744,45,core,0.2103,PASS
high_dropout,5,trust_weighted_fusion,0.0,0.0,0.0,0,0.7,0.0,205,0,122,103,No,0.55,102,3.759,46,core,0.2623,PASS
simultaneous_sensor_failures,1,trust_weighted_fusion,0.15,0.3,1.5,15,0.6,0.4,242,24,155,85,No,4.05,98,4.026,42,core,0.2893,PASS
simultaneous_sensor_failures,2,trust_weighted_fusion,0.15,0.3,1.5,15,0.6,0.4,225,15,144,71,No,5.55,87,3.867,43,core,0.5088,PASS
simultaneous_sensor_failures,3,trust_weighted_fusion,0.15,0.3,1.5,15,0.6,0.4,245,13,161,75,No,5.625,112,3.941,44,core,0.5573,PASS
simultaneous_sensor_failures,4,trust_weighted_fusion,0.15,0.3,1.5,15,0.6,0.4,258,9,184,51,No,6.987,85,3.126,45,core,0.3094,PASS
simultaneous_sensor_failures,5,trust_weighted_fusion,0.15,0.3,1.5,15,0.6,0.4,251,20,150,93,No,5.75,110,4.3,46,core,0.3091,PASS
target_crossing,1,trust_weighted_fusion,0.0,0.0,0.8,0,0.0,0.0,105,0,0,8,Yes,0.0,64,3.915,42,core,0.2902,PASS
target_crossing,2,trust_weighted_fusion,0.0,0.0,0.8,0,0.0,0.0,70,0,0,3,Yes,0.0,48,4.276,43,core,0.3593,PASS
target_crossing,3,trust_weighted_fusion,0.0,0.0,0.8,0,0.0,0.0,150,0,0,8,Yes,0.0,90,4.499,44,core,0.3521,PASS
target_crossing,4,trust_weighted_fusion,0.0,0.0,0.8,0,0.0,0.0,80,0,0,4,Yes,0.0,47,4.031,45,core,0.2814,PASS
target_crossing,5,trust_weighted_fusion,0.0,0.0,0.8,0,0.0,0.0,207,0,0,8,Yes,0.0,127,4.311,46,core,0.3215,PASS
sudden_target_appearance,1,trust_weighted_fusion,0.25,0.0,0.5,0,0.0,0.15,143,267,0,4,Yes,0.0,81,4.424,42,core,0.4576,PASS
sudden_target_appearance,2,trust_weighted_fusion,0.25,0.0,0.5,0,0.0,0.15,101,221,0,2,Yes,0.0,64,4.131,43,core,0.7733,PASS
sudden_target_appearance,3,trust_weighted_fusion,0.25,0.0,0.5,0,0.0,0.15,81,235,0,3,Yes,0.0,50,4.58,44,core,0.709,PASS
sudden_target_appearance,4,trust_weighted_fusion,0.25,0.0,0.5,0,0.0,0.15,126,246,0,1,Yes,0.0,78,4.628,45,core,0.4651,PASS
sudden_target_appearance,5,trust_weighted_fusion,0.25,0.0,0.5,0,0.0,0.15,94,220,0,5,Yes,0.0,56,4.762,46,core,0.4865,PASS
rapidly_moving_obstacle,1,trust_weighted_fusion,0.0,0.05,0.6,5,0.1,0.0,90,0,20,125,Yes,1.413,49,3.958,42,core,0.62,PASS
rapidly_moving_obstacle,2,trust_weighted_fusion,0.0,0.05,0.6,5,0.1,0.0,104,0,33,151,Yes,1.15,55,4.201,43,core,0.4486,PASS
rapidly_moving_obstacle,3,trust_weighted_fusion,0.0,0.05,0.6,5,0.1,0.0,91,0,26,131,Yes,1.25,47,4.001,44,core,0.4686,PASS
rapidly_moving_obstacle,4,trust_weighted_fusion,0.0,0.05,0.6,5,0.1,0.0,93,0,25,144,Yes,1.012,49,4.056,45,core,0.4461,PASS
rapidly_moving_obstacle,5,trust_weighted_fusion,0.0,0.05,0.6,5,0.1,0.0,104,0,44,132,Yes,1.15,52,3.617,46,core,0.4687,PASS
overconfident_faulty_sensor,1,confidence_weighted_fusion,0.1,0.15,1.2,3,0.05,0.6,80,64,23,115,Yes,0.563,43,4.803,42,core,0.7339,PASS
overconfident_faulty_sensor,2,confidence_weighted_fusion,0.1,0.15,1.2,3,0.05,0.6,87,63,20,149,Yes,0.925,45,4.242,43,core,0.3891,PASS
overconfident_faulty_sensor,3,confidence_weighted_fusion,0.1,0.15,1.2,3,0.05,0.6,75,61,8,129,Yes,0.75,41,4.024,44,core,0.4699,PASS
overconfident_faulty_sensor,4,confidence_weighted_fusion,0.1,0.15,1.2,3,0.05,0.6,110,65,23,142,No,0.625,39,4.365,45,core,0.2934,PASS
overconfident_faulty_sensor,5,confidence_weighted_fusion,0.1,0.15,1.2,3,0.05,0.6,81,68,13,127,Yes,0.65,46,4.159,46,core,0.2636,PASS
wrong_trust_assignment,1,trust_weighted_fusion,0.08,0.12,1.0,5,0.1,0.5,104,45,33,151,Yes,1.438,55,4.169,42,core,0.3083,PASS
wrong_trust_assignment,2,trust_weighted_fusion,0.08,0.12,1.0,5,0.1,0.5,92,37,30,162,Yes,1.387,49,3.895,43,core,0.2347,PASS
wrong_trust_assignment,3,trust_weighted_fusion,0.08,0.12,1.0,5,0.1,0.5,116,39,31,165,No,1.2,53,4.424,44,core,0.3201,PASS
wrong_trust_assignment,4,trust_weighted_fusion,0.08,0.12,1.0,5,0.1,0.5,85,51,26,158,Yes,1.413,46,4.162,45,core,0.3691,PASS
wrong_trust_assignment,5,trust_weighted_fusion,0.08,0.12,1.0,5,0.1,0.5,82,41,24,170,Yes,1.038,45,3.305,46,core,0.3423,PASS
correctly_calibrated_radar,1,confidence_weighted_fusion,0.0,0.0,0.0,0,0.0,0.0,115,0,0,0,Yes,0.0,81,3.98,42,core,0.5176,PASS
correctly_calibrated_radar,2,confidence_weighted_fusion,0.0,0.0,0.0,0,0.0,0.0,115,0,0,0,Yes,0.0,81,3.98,43,core,0.7895,PASS
correctly_calibrated_radar,3,confidence_weighted_fusion,0.0,0.0,0.0,0,0.0,0.0,115,0,0,0,Yes,0.0,81,3.98,44,core,0.3343,PASS
correctly_calibrated_radar,4,confidence_weighted_fusion,0.0,0.0,0.0,0,0.0,0.0,115,0,0,0,Yes,0.0,81,3.98,45,core,0.2525,PASS
correctly_calibrated_radar,5,confidence_weighted_fusion,0.0,0.0,0.0,0,0.0,0.0,115,0,0,0,Yes,0.0,81,3.98,46,core,0.3092,PASS
mildly_overconfident_radar,1,confidence_weighted_fusion,0.0,0.0,0.0,0,0.0,0.0,115,0,0,0,Yes,0.0,81,3.98,42,core,0.2878,PASS
mildly_overconfident_radar,2,confidence_weighted_fusion,0.0,0.0,0.0,0,0.0,0.0,115,0,0,0,Yes,0.0,81,3.98,43,core,1.4395,PASS
mildly_overconfident_radar,3,confidence_weighted_fusion,0.0,0.0,0.0,0,0.0,0.0,115,0,0,0,Yes,0.0,81,3.98,44,core,0.7031,PASS
mildly_overconfident_radar,4,confidence_weighted_fusion,0.0,0.0,0.0,0,0.0,0.0,115,0,0,0,Yes,0.0,81,3.98,45,core,0.2531,PASS
mildly_overconfident_radar,5,confidence_weighted_fusion,0.0,0.0,0.0,0,0.0,0.0,115,0,0,0,Yes,0.0,81,3.98,46,core,0.3506,PASS
severely_overconfident_radar,1,confidence_weighted_fusion,0.0,0.0,0.0,0,0.0,0.0,115,0,0,0,Yes,0.0,81,3.98,42,core,0.2738,PASS
severely_overconfident_radar,2,confidence_weighted_fusion,0.0,0.0,0.0,0,0.0,0.0,115,0,0,0,Yes,0.0,81,3.98,43,core,0.2738,PASS
severely_overconfident_radar,3,confidence_weighted_fusion,0.0,0.0,0.0,0,0.0,0.0,115,0,0,0,Yes,0.0,81,3.98,44,core,0.3139,PASS
severely_overconfident_radar,4,confidence_weighted_fusion,0.0,0.0,0.0,0,0.0,0.0,115,0,0,0,Yes,0.0,81,3.98,45,core,0.2573,PASS
severely_overconfident_radar,5,confidence_weighted_fusion,0.0,0.0,0.0,0,0.0,0.0,115,0,0,0,Yes,0.0,81,3.98,46,core,0.2616,PASS
underconfident_radar,1,confidence_weighted_fusion,0.0,0.0,0.0,0,0.0,0.0,115,0,0,0,Yes,0.0,81,3.98,42,core,0.2903,PASS
underconfident_radar,2,confidence_weighted_fusion,0.0,0.0,0.0,0,0.0,0.0,115,0,0,0,Yes,0.0,81,3.98,43,core,0.2703,PASS
underconfident_radar,3,confidence_weighted_fusion,0.0,0.0,0.0,0,0.0,0.0,115,0,0,0,Yes,0.0,81,3.98,44,core,0.306,PASS
underconfident_radar,4,confidence_weighted_fusion,0.0,0.0,0.0,0,0.0,0.0,115,0,0,0,Yes,0.0,81,3.98,45,core,0.3925,PASS
underconfident_radar,5,confidence_weighted_fusion,0.0,0.0,0.0,0,0.0,0.0,115,0,0,0,Yes,0.0,81,3.98,46,core,0.5102,PASS
high_confidence_false_alarms,1,confidence_weighted_fusion,0.0,0.0,0.0,0,0.0,0.0,115,0,0,0,Yes,0.0,81,3.98,42,core,0.7281,PASS
high_confidence_false_alarms,2,confidence_weighted_fusion,0.0,0.0,0.0,0,0.0,0.0,115,0,0,0,Yes,0.0,81,3.98,43,core,0.3602,PASS
high_confidence_false_alarms,3,confidence_weighted_fusion,0.0,0.0,0.0,0,0.0,0.0,115,0,0,0,Yes,0.0,81,3.98,44,core,0.6904,PASS
high_confidence_false_alarms,4,confidence_weighted_fusion,0.0,0.0,0.0,0,0.0,0.0,115,0,0,0,Yes,0.0,81,3.98,45,core,1.1004,PASS
high_confidence_false_alarms,5,confidence_weighted_fusion,0.0,0.0,0.0,0,0.0,0.0,115,0,0,0,Yes,0.0,81,3.98,46,core,1.5522,PASS
high_confidence_incorrect_tracks,1,confidence_weighted_fusion,0.0,0.0,0.0,0,0.0,0.0,115,0,0,0,Yes,0.0,81,3.98,42,core,1.9372,PASS
high_confidence_incorrect_tracks,2,confidence_weighted_fusion,0.0,0.0,0.0,0,0.0,0.0,115,0,0,0,Yes,0.0,81,3.98,43,core,0.921,PASS
high_confidence_incorrect_tracks,3,confidence_weighted_fusion,0.0,0.0,0.0,0,0.0,0.0,115,0,0,0,Yes,0.0,81,3.98,44,core,1.0299,PASS
high_confidence_incorrect_tracks,4,confidence_weighted_fusion,0.0,0.0,0.0,0,0.0,0.0,115,0,0,0,Yes,0.0,81,3.98,45,core,0.6108,PASS
high_confidence_incorrect_tracks,5,confidence_weighted_fusion,0.0,0.0,0.0,0,0.0,0.0,115,0,0,0,Yes,0.0,81,3.98,46,core,0.4377,PASS
low_confidence_correct_detections,1,confidence_weighted_fusion,0.0,0.0,0.0,0,0.0,0.0,115,0,0,0,Yes,0.0,81,3.98,42,core,0.5269,PASS
low_confidence_correct_detections,2,confidence_weighted_fusion,0.0,0.0,0.0,0,0.0,0.0,115,0,0,0,Yes,0.0,81,3.98,43,core,0.3868,PASS
low_confidence_correct_detections,3,confidence_weighted_fusion,0.0,0.0,0.0,0,0.0,0.0,115,0,0,0,Yes,0.0,81,3.98,44,core,0.4493,PASS
low_confidence_correct_detections,4,confidence_weighted_fusion,0.0,0.0,0.0,0,0.0,0.0,115,0,0,0,Yes,0.0,81,3.98,45,core,0.2456,PASS
low_confidence_correct_detections,5,confidence_weighted_fusion,0.0,0.0,0.0,0,0.0,0.0,115,0,0,0,Yes,0.0,81,3.98,46,core,0.4845,PASS
registration_perfect,1,naive_fusion,0.0,0.0,0.0,0,0.0,0.0,115,0,0,0,Yes,0.0,81,3.98,42,core,0.8147,PASS
registration_perfect,2,naive_fusion,0.0,0.0,0.0,0,0.0,0.0,115,0,0,0,Yes,0.0,81,3.98,43,core,0.7536,PASS
registration_perfect,3,naive_fusion,0.0,0.0,0.0,0,0.0,0.0,115,0,0,0,Yes,0.0,81,3.98,44,core,0.2906,PASS
registration_perfect,4,naive_fusion,0.0,0.0,0.0,0,0.0,0.0,115,0,0,0,Yes,0.0,81,3.98,45,core,0.2874,PASS
registration_perfect,5,naive_fusion,0.0,0.0,0.0,0,0.0,0.0,115,0,0,0,Yes,0.0,81,3.98,46,core,0.3951,PASS
registration_small_error,1,naive_fusion,0.0,0.0,0.0,0,0.0,0.0,115,0,0,0,Yes,0.0,81,3.98,42,core,0.2196,PASS
registration_small_error,2,naive_fusion,0.0,0.0,0.0,0,0.0,0.0,115,0,0,0,Yes,0.0,81,3.98,43,core,0.2594,PASS
registration_small_error,3,naive_fusion,0.0,0.0,0.0,0,0.0,0.0,115,0,0,0,Yes,0.0,81,3.98,44,core,0.4057,PASS
registration_small_error,4,naive_fusion,0.0,0.0,0.0,0,0.0,0.0,115,0,0,0,Yes,0.0,81,3.98,45,core,0.3042,PASS
registration_small_error,5,naive_fusion,0.0,0.0,0.0,0,0.0,0.0,115,0,0,0,Yes,0.0,81,3.98,46,core,0.3407,PASS
registration_medium_error,1,naive_fusion,0.0,0.0,0.0,0,0.0,0.0,115,0,0,0,Yes,0.0,81,3.98,42,core,0.5717,PASS
registration_medium_error,2,naive_fusion,0.0,0.0,0.0,0,0.0,0.0,115,0,0,0,Yes,0.0,81,3.98,43,core,0.6652,PASS
registration_medium_error,3,naive_fusion,0.0,0.0,0.0,0,0.0,0.0,115,0,0,0,Yes,0.0,81,3.98,44,core,0.3244,PASS
registration_medium_error,4,naive_fusion,0.0,0.0,0.0,0,0.0,0.0,115,0,0,0,Yes,0.0,81,3.98,45,core,0.2584,PASS
registration_medium_error,5,naive_fusion,0.0,0.0,0.0,0,0.0,0.0,115,0,0,0,Yes,0.0,81,3.98,46,core,0.3727,PASS
registration_severe_error,1,naive_fusion,0.0,0.0,0.0,0,0.0,0.0,115,0,0,0,Yes,0.0,81,3.98,42,core,0.2983,PASS
registration_severe_error,2,naive_fusion,0.0,0.0,0.0,0,0.0,0.0,115,0,0,0,Yes,0.0,81,3.98,43,core,0.3429,PASS
registration_severe_error,3,naive_fusion,0.0,0.0,0.0,0,0.0,0.0,115,0,0,0,Yes,0.0,81,3.98,44,core,0.2818,PASS
registration_severe_error,4,naive_fusion,0.0,0.0,0.0,0,0.0,0.0,115,0,0,0,Yes,0.0,81,3.98,45,core,0.2666,PASS
registration_severe_error,5,naive_fusion,0.0,0.0,0.0,0,0.0,0.0,115,0,0,0,Yes,0.0,81,3.98,46,core,0.5017,PASS
registration_drifting_error,1,naive_fusion,0.0,0.0,0.0,0,0.0,0.0,115,0,0,0,Yes,0.0,81,3.98,42,core,0.7432,PASS
registration_drifting_error,2,naive_fusion,0.0,0.0,0.0,0,0.0,0.0,115,0,0,0,Yes,0.0,81,3.98,43,core,0.3146,PASS
registration_drifting_error,3,naive_fusion,0.0,0.0,0.0,0,0.0,0.0,115,0,0,0,Yes,0.0,81,3.98,44,core,0.3603,PASS
registration_drifting_error,4,naive_fusion,0.0,0.0,0.0,0,0.0,0.0,115,0,0,0,Yes,0.0,81,3.98,45,core,0.3743,PASS
registration_drifting_error,5,naive_fusion,0.0,0.0,0.0,0,0.0,0.0,115,0,0,0,Yes,0.0,81,3.98,46,core,0.2346,PASS
safety_margin_fixed,1,trust_weighted_fusion,0.0,0.35,2.0,0,0.01,0.2,74,0,15,140,No,0.15,34,4.482,42,core,0.3066,PASS
safety_margin_fixed,2,trust_weighted_fusion,0.0,0.35,2.0,0,0.01,0.2,80,0,18,151,Yes,0.1,45,4.741,43,core,0.3156,PASS
safety_margin_fixed,3,trust_weighted_fusion,0.0,0.35,2.0,0,0.01,0.2,82,0,22,161,Yes,0.113,41,4.452,44,core,0.3401,PASS
safety_margin_fixed,4,trust_weighted_fusion,0.0,0.35,2.0,0,0.01,0.2,88,0,17,154,No,0.175,38,4.352,45,core,0.4226,PASS
safety_margin_fixed,5,trust_weighted_fusion,0.0,0.35,2.0,0,0.01,0.2,94,0,15,153,Yes,0.113,52,4.63,46,core,0.7841,PASS
safety_margin_covariance,1,trust_weighted_fusion,0.0,0.35,2.0,0,0.01,0.2,88,0,28,216,Yes,0.163,53,4.545,42,core,0.5881,PASS
safety_margin_covariance,2,trust_weighted_fusion,0.0,0.35,2.0,0,0.01,0.2,174,0,31,195,No,0.1,96,5.29,43,core,0.5451,PASS
safety_margin_covariance,3,trust_weighted_fusion,0.0,0.35,2.0,0,0.01,0.2,118,0,25,205,No,0.088,40,6.398,44,core,0.3981,PASS
safety_margin_covariance,4,trust_weighted_fusion,0.0,0.35,2.0,0,0.01,0.2,133,0,44,236,No,0.2,73,5.055,45,core,0.5048,PASS
safety_margin_covariance,5,trust_weighted_fusion,0.0,0.35,2.0,0,0.01,0.2,145,0,27,220,No,0.125,54,4.702,46,core,0.413,PASS
safety_margin_confidence,1,trust_weighted_fusion,0.0,0.35,2.0,0,0.01,0.2,109,0,23,179,No,0.15,53,5.485,42,core,0.5966,PASS
safety_margin_confidence,2,trust_weighted_fusion,0.0,0.35,2.0,0,0.01,0.2,65,0,11,199,No,0.1,32,3.344,43,core,0.9704,PASS
safety_margin_confidence,3,trust_weighted_fusion,0.0,0.35,2.0,0,0.01,0.2,131,0,25,173,No,0.038,70,5.005,44,core,0.3803,PASS
safety_margin_confidence,4,trust_weighted_fusion,0.0,0.35,2.0,0,0.01,0.2,112,0,26,190,No,0.125,57,5.799,45,core,0.5413,PASS
safety_margin_confidence,5,trust_weighted_fusion,0.0,0.35,2.0,0,0.01,0.2,124,0,33,209,Yes,0.125,77,4.12,46,core,0.3781,PASS
safety_margin_quality_monitor,1,trust_weighted_fusion,0.0,0.55,3.5,0,0.04,0.3,206,0,133,519,No,0.3,103,6.093,42,core,0.5826,PASS
safety_margin_quality_monitor,2,trust_weighted_fusion,0.0,0.55,3.5,0,0.04,0.3,424,0,278,538,No,0.438,202,5.359,43,core,0.512,PASS
safety_margin_quality_monitor,3,trust_weighted_fusion,0.0,0.55,3.5,0,0.04,0.3,586,0,409,472,No,0.4,271,5.211,44,core,0.8865,PASS
safety_margin_quality_monitor,4,trust_weighted_fusion,0.0,0.55,3.5,0,0.04,0.3,233,0,124,452,No,0.375,122,8.018,45,core,1.082,PASS
safety_margin_quality_monitor,5,trust_weighted_fusion,0.0,0.55,3.5,0,0.04,0.3,663,0,383,541,No,0.3,222,4.636,46,core,0.6085,PASS
naive_fusion,1,naive_fusion,0.0,0.2,1.5,0,0.0,0.15,96,0,6,109,Yes,0.075,50,4.504,42,fusion_comparison,0.3149,PASS
naive_fusion,2,naive_fusion,0.0,0.2,1.5,0,0.0,0.15,83,0,8,92,Yes,0.075,45,4.125,43,fusion_comparison,0.4782,PASS
naive_fusion,3,naive_fusion,0.0,0.2,1.5,0,0.0,0.15,84,0,12,87,No,0.025,39,4.733,44,fusion_comparison,0.3259,PASS
naive_fusion,4,naive_fusion,0.0,0.2,1.5,0,0.0,0.15,94,0,12,100,Yes,0.05,52,4.335,45,fusion_comparison,0.4072,PASS
naive_fusion,5,naive_fusion,0.0,0.2,1.5,0,0.0,0.15,118,0,10,87,Yes,0.025,68,4.555,46,fusion_comparison,0.5463,PASS
trust_weighted_fusion,1,trust_weighted_fusion,0.0,0.2,1.5,0,0.0,0.15,62,0,6,92,Yes,0.075,31,4.379,42,fusion_comparison,0.7137,PASS
trust_weighted_fusion,2,trust_weighted_fusion,0.0,0.2,1.5,0,0.0,0.15,82,0,7,94,No,0.075,37,4.257,43,fusion_comparison,0.5863,PASS
trust_weighted_fusion,3,trust_weighted_fusion,0.0,0.2,1.5,0,0.0,0.15,88,0,12,91,Yes,0.025,51,4.5,44,fusion_comparison,0.3702,PASS
trust_weighted_fusion,4,trust_weighted_fusion,0.0,0.2,1.5,0,0.0,0.15,114,0,17,98,No,0.05,63,4.449,45,fusion_comparison,0.3053,PASS
trust_weighted_fusion,5,trust_weighted_fusion,0.0,0.2,1.5,0,0.0,0.15,99,0,10,87,Yes,0.025,52,4.575,46,fusion_comparison,0.5647,PASS
faulty_sensor_naive_fusion,1,naive_fusion,0.0,0.0,0.0,0,0.0,0.0,115,0,0,0,Yes,0.0,81,3.98,42,fusion_comparison,0.769,PASS
faulty_sensor_naive_fusion,2,naive_fusion,0.0,0.0,0.0,0,0.0,0.0,115,0,0,0,Yes,0.0,81,3.98,43,fusion_comparison,0.4888,PASS
faulty_sensor_naive_fusion,3,naive_fusion,0.0,0.0,0.0,0,0.0,0.0,115,0,0,0,Yes,0.0,81,3.98,44,fusion_comparison,0.3304,PASS
faulty_sensor_naive_fusion,4,naive_fusion,0.0,0.0,0.0,0,0.0,0.0,115,0,0,0,Yes,0.0,81,3.98,45,fusion_comparison,0.3473,PASS
faulty_sensor_naive_fusion,5,naive_fusion,0.0,0.0,0.0,0,0.0,0.0,115,0,0,0,Yes,0.0,81,3.98,46,fusion_comparison,0.504,PASS
faulty_sensor_confidence_weighted_fusion,1,confidence_weighted_fusion,0.0,0.0,0.0,0,0.0,0.0,115,0,0,0,Yes,0.0,81,3.98,42,fusion_comparison,0.3871,PASS
faulty_sensor_confidence_weighted_fusion,2,confidence_weighted_fusion,0.0,0.0,0.0,0,0.0,0.0,115,0,0,0,Yes,0.0,81,3.98,43,fusion_comparison,0.3172,PASS
faulty_sensor_confidence_weighted_fusion,3,confidence_weighted_fusion,0.0,0.0,0.0,0,0.0,0.0,115,0,0,0,Yes,0.0,81,3.98,44,fusion_comparison,0.2668,PASS
faulty_sensor_confidence_weighted_fusion,4,confidence_weighted_fusion,0.0,0.0,0.0,0,0.0,0.0,115,0,0,0,Yes,0.0,81,3.98,45,fusion_comparison,0.7113,PASS
faulty_sensor_confidence_weighted_fusion,5,confidence_weighted_fusion,0.0,0.0,0.0,0,0.0,0.0,115,0,0,0,Yes,0.0,81,3.98,46,fusion_comparison,0.4949,PASS
faulty_sensor_trust_weighted_fusion_fixed,1,trust_weighted_fusion,0.0,0.0,0.0,0,0.0,0.0,115,0,0,0,Yes,0.0,81,3.98,42,fusion_comparison,0.3464,PASS
faulty_sensor_trust_weighted_fusion_fixed,2,trust_weighted_fusion,0.0,0.0,0.0,0,0.0,0.0,115,0,0,0,Yes,0.0,81,3.98,43,fusion_comparison,0.3847,PASS
faulty_sensor_trust_weighted_fusion_fixed,3,trust_weighted_fusion,0.0,0.0,0.0,0,0.0,0.0,115,0,0,0,Yes,0.0,81,3.98,44,fusion_comparison,0.2974,PASS
faulty_sensor_trust_weighted_fusion_fixed,4,trust_weighted_fusion,0.0,0.0,0.0,0,0.0,0.0,115,0,0,0,Yes,0.0,81,3.98,45,fusion_comparison,0.2436,PASS
faulty_sensor_trust_weighted_fusion_fixed,5,trust_weighted_fusion,0.0,0.0,0.0,0,0.0,0.0,115,0,0,0,Yes,0.0,81,3.98,46,fusion_comparison,0.3598,PASS
faulty_sensor_trust_weighted_fusion_dynamic,1,trust_weighted_fusion,0.0,0.0,0.0,0,0.0,0.0,115,0,0,0,Yes,0.0,81,3.98,42,fusion_comparison,0.3758,PASS
faulty_sensor_trust_weighted_fusion_dynamic,2,trust_weighted_fusion,0.0,0.0,0.0,0,0.0,0.0,115,0,0,0,Yes,0.0,81,3.98,43,fusion_comparison,0.3096,PASS
faulty_sensor_trust_weighted_fusion_dynamic,3,trust_weighted_fusion,0.0,0.0,0.0,0,0.0,0.0,115,0,0,0,Yes,0.0,81,3.98,44,fusion_comparison,0.3123,PASS
faulty_sensor_trust_weighted_fusion_dynamic,4,trust_weighted_fusion,0.0,0.0,0.0,0,0.0,0.0,115,0,0,0,Yes,0.0,81,3.98,45,fusion_comparison,0.4483,PASS
faulty_sensor_trust_weighted_fusion_dynamic,5,trust_weighted_fusion,0.0,0.0,0.0,0,0.0,0.0,115,0,0,0,Yes,0.0,81,3.98,46,fusion_comparison,0.751,PASS
faulty_sensor_covariance_weighted_fusion,1,covariance_weighted_fusion,0.0,0.0,0.0,0,0.0,0.0,115,0,0,0,Yes,0.0,81,3.98,42,fusion_comparison,0.4357,PASS
faulty_sensor_covariance_weighted_fusion,2,covariance_weighted_fusion,0.0,0.0,0.0,0,0.0,0.0,115,0,0,0,Yes,0.0,81,3.98,43,fusion_comparison,0.3117,PASS
faulty_sensor_covariance_weighted_fusion,3,covariance_weighted_fusion,0.0,0.0,0.0,0,0.0,0.0,115,0,0,0,Yes,0.0,81,3.98,44,fusion_comparison,0.3267,PASS
faulty_sensor_covariance_weighted_fusion,4,covariance_weighted_fusion,0.0,0.0,0.0,0,0.0,0.0,115,0,0,0,Yes,0.0,81,3.98,45,fusion_comparison,0.3355,PASS
faulty_sensor_covariance_weighted_fusion,5,covariance_weighted_fusion,0.0,0.0,0.0,0,0.0,0.0,115,0,0,0,Yes,0.0,81,3.98,46,fusion_comparison,0.2689,PASS
