scenario,run_number,fusion_mode,false_positive_rate,false_negative_rate,noise_level,latency_steps,dropout_probability,confidence_error_level,collision_risk_count,unnecessary_avoidance_count,missed_response_count,fusion_recovery_count,mission_success,avg_response_time_s,total_near_misses,avg_formation_error,avg_confidence_error
baseline,1,no_fusion,0.0,0.0,0.0,0,0.0,0.0,79,0,0,0,Yes,0.0,47,3.682,0.0
baseline,2,no_fusion,0.0,0.0,0.0,0,0.0,0.0,79,0,0,0,Yes,0.0,47,3.682,0.0
baseline,3,no_fusion,0.0,0.0,0.0,0,0.0,0.0,79,0,0,0,Yes,0.0,47,3.682,0.0
baseline,4,no_fusion,0.0,0.0,0.0,0,0.0,0.0,79,0,0,0,Yes,0.0,47,3.682,0.0
baseline,5,no_fusion,0.0,0.0,0.0,0,0.0,0.0,79,0,0,0,Yes,0.0,47,3.682,0.0
false_positive,1,no_fusion,0.0,0.0,0.0,0,0.0,0.0,79,0,0,0,Yes,0.0,47,3.682,0.0
false_positive,2,no_fusion,0.0,0.0,0.0,0,0.0,0.0,79,0,0,0,Yes,0.0,47,3.682,0.0
false_positive,3,no_fusion,0.0,0.0,0.0,0,0.0,0.0,79,0,0,0,Yes,0.0,47,3.682,0.0
false_positive,4,no_fusion,0.0,0.0,0.0,0,0.0,0.0,79,0,0,0,Yes,0.0,47,3.682,0.0
false_positive,5,no_fusion,0.0,0.0,0.0,0,0.0,0.0,79,0,0,0,Yes,0.0,47,3.682,0.0
false_negative,1,no_fusion,0.0,0.4,0.0,0,0.0,0.0,82,0,19,0,No,0.24,40,4.074,0.0
false_negative,2,no_fusion,0.0,0.4,0.0,0,0.0,0.0,84,0,19,0,No,0.1,41,3.889,0.0
false_negative,3,no_fusion,0.0,0.4,0.0,0,0.0,0.0,90,0,22,0,Yes,0.12,47,3.963,0.0
false_negative,4,no_fusion,0.0,0.4,0.0,0,0.0,0.0,113,0,37,0,Yes,0.167,76,3.384,0.0
false_negative,5,no_fusion,0.0,0.4,0.0,0,0.0,0.0,90,0,24,0,Yes,0.067,52,3.977,0.0
sensor_noise,1,no_fusion,0.0,0.0,0.3,0,0.0,0.0,121,0,0,0,No,0.0,80,3.348,0.0
sensor_noise,2,no_fusion,0.0,0.0,0.3,0,0.0,0.0,117,0,0,0,Yes,0.0,84,3.343,0.0
sensor_noise,3,no_fusion,0.0,0.0,0.3,0,0.0,0.0,115,0,0,0,No,0.0,78,3.303,0.0
sensor_noise,4,no_fusion,0.0,0.0,0.3,0,0.0,0.0,125,0,0,0,No,0.0,75,3.299,0.0
sensor_noise,5,no_fusion,0.0,0.0,0.3,0,0.0,0.0,117,0,0,0,No,0.0,81,3.373,0.0
latency,1,no_fusion,0.0,0.0,0.0,5,0.0,0.0,96,0,0,0,Yes,0.0,54,4.059,0.0
latency,2,no_fusion,0.0,0.0,0.0,5,0.0,0.0,96,0,0,0,Yes,0.0,54,4.059,0.0
latency,3,no_fusion,0.0,0.0,0.0,5,0.0,0.0,96,0,0,0,Yes,0.0,54,4.059,0.0
latency,4,no_fusion,0.0,0.0,0.0,5,0.0,0.0,96,0,0,0,Yes,0.0,54,4.059,0.0
latency,5,no_fusion,0.0,0.0,0.0,5,0.0,0.0,96,0,0,0,Yes,0.0,54,4.059,0.0
sensor_dropout,1,no_fusion,0.0,0.0,0.0,0,0.3,0.0,222,0,143,0,No,0.9,140,3.622,0.0
sensor_dropout,2,no_fusion,0.0,0.0,0.0,0,0.3,0.0,251,0,183,0,No,1.143,128,3.124,0.0
sensor_dropout,3,no_fusion,0.0,0.0,0.0,0,0.3,0.0,249,0,173,0,No,1.133,96,3.696,0.0
sensor_dropout,4,no_fusion,0.0,0.0,0.0,0,0.3,0.0,212,0,139,0,No,1.7,96,4.861,0.0
sensor_dropout,5,no_fusion,0.0,0.0,0.0,0,0.3,0.0,255,0,175,0,No,1.629,88,3.23,0.0
confidence_error,1,no_fusion,0.0,0.0,0.0,0,0.0,0.35,79,0,0,0,Yes,0.0,47,3.682,0.245
confidence_error,2,no_fusion,0.0,0.0,0.0,0,0.0,0.35,79,0,0,0,Yes,0.0,47,3.682,0.241
confidence_error,3,no_fusion,0.0,0.0,0.0,0,0.0,0.35,79,0,0,0,Yes,0.0,47,3.682,0.241
confidence_error,4,no_fusion,0.0,0.0,0.0,0,0.0,0.35,79,0,0,0,Yes,0.0,47,3.682,0.247
confidence_error,5,no_fusion,0.0,0.0,0.0,0,0.0,0.35,79,0,0,0,Yes,0.0,47,3.682,0.243
no_fusion_matched,1,no_fusion,0.0,0.2,1.5,0,0.0,0.15,135,0,19,0,No,0.0,84,4.769,0.119
no_fusion_matched,2,no_fusion,0.0,0.2,1.5,0,0.0,0.15,117,0,14,0,Yes,0.05,75,4.978,0.118
no_fusion_matched,3,no_fusion,0.0,0.2,1.5,0,0.0,0.15,132,0,27,0,No,0.16,82,5.034,0.12
no_fusion_matched,4,no_fusion,0.0,0.2,1.5,0,0.0,0.15,169,0,18,0,No,0.0,80,4.467,0.119
no_fusion_matched,5,no_fusion,0.0,0.2,1.5,0,0.0,0.15,154,0,25,0,No,0.15,54,3.981,0.121
naive_fusion,1,naive_fusion,0.0,0.2,1.5,0,0.0,0.15,86,0,8,75,Yes,0.0,49,3.877,0.12
naive_fusion,2,naive_fusion,0.0,0.2,1.5,0,0.0,0.15,75,0,9,95,Yes,0.0,41,4.422,0.12
naive_fusion,3,naive_fusion,0.0,0.2,1.5,0,0.0,0.15,66,0,4,73,No,0.0,31,4.243,0.123
naive_fusion,4,naive_fusion,0.0,0.2,1.5,0,0.0,0.15,82,0,8,73,Yes,0.04,50,3.92,0.12
naive_fusion,5,naive_fusion,0.0,0.2,1.5,0,0.0,0.15,87,0,8,75,Yes,0.067,47,4.308,0.122
trust_weighted_fusion,1,trust_weighted_fusion,0.0,0.2,1.5,0,0.0,0.15,70,0,10,74,No,0.133,35,3.868,0.123
trust_weighted_fusion,2,trust_weighted_fusion,0.0,0.2,1.5,0,0.0,0.15,81,0,8,82,No,0.0,38,3.925,0.119
trust_weighted_fusion,3,trust_weighted_fusion,0.0,0.2,1.5,0,0.0,0.15,68,0,5,85,No,0.0,32,4.061,0.123
trust_weighted_fusion,4,trust_weighted_fusion,0.0,0.2,1.5,0,0.0,0.15,98,0,15,77,No,0.0,41,3.811,0.119
trust_weighted_fusion,5,trust_weighted_fusion,0.0,0.2,1.5,0,0.0,0.15,82,0,7,76,No,0.0,38,4.272,0.12
