scenario_id,seed_range,uav_count,target_count,radar_mode,radar_parameters,calibration_mode,fusion_mode,controller_mode,handoff_mode,communication_condition,num_trials,output_directory
controller_comparison__baseline__1_fixed_margin,42-91,4,0,normal,"P_D=1.0, P_FA=0.0, clutter_density=0.0, range_noise_std=0.3, bearing_noise_std=0.0342, radial_velocity_noise_std=0.1, latency_steps=0, dropout_probability=0.0, confidence_error=0.0",fixed,no_fusion,1_fixed_margin,off,perfect (default),50,results/final/controller_comparison/1_fixed_margin/
controller_comparison__baseline__2_uncertainty_aware,42-91,4,0,normal,"P_D=1.0, P_FA=0.0, clutter_density=0.0, range_noise_std=0.3, bearing_noise_std=0.0342, radial_velocity_noise_std=0.1, latency_steps=0, dropout_probability=0.0, confidence_error=0.0",quality_monitor,no_fusion,2_uncertainty_aware,off,perfect (default),50,results/final/controller_comparison/2_uncertainty_aware/
controller_comparison__baseline__3_uncertainty_aware_abstention,42-91,4,0,normal,"P_D=1.0, P_FA=0.0, clutter_density=0.0, range_noise_std=0.3, bearing_noise_std=0.0342, radial_velocity_noise_std=0.1, latency_steps=0, dropout_probability=0.0, confidence_error=0.0",quality_monitor,no_fusion,3_uncertainty_aware_abstention,off,perfect (default),50,results/final/controller_comparison/3_uncertainty_aware_abstention/
controller_comparison__baseline__4_uncertainty_aware_handoff,42-91,4,0,normal,"P_D=1.0, P_FA=0.0, clutter_density=0.0, range_noise_std=0.3, bearing_noise_std=0.0342, radial_velocity_noise_std=0.1, latency_steps=0, dropout_probability=0.0, confidence_error=0.0",quality_monitor,no_fusion,4_uncertainty_aware_handoff,on,perfect (default),50,results/final/controller_comparison/4_uncertainty_aware_handoff/
controller_comparison__baseline__5_dynamic_trust_handoff,42-91,4,0,normal,"P_D=1.0, P_FA=0.0, clutter_density=0.0, range_noise_std=0.3, bearing_noise_std=0.0342, radial_velocity_noise_std=0.1, latency_steps=0, dropout_probability=0.0, confidence_error=0.0",quality_monitor,trust_weighted_fusion,5_dynamic_trust_handoff,on,perfect (default),50,results/final/controller_comparison/5_dynamic_trust_handoff/
envelope_low_P_D,42-61,4,0,normal,"P_D=0.3, P_FA=0.0, clutter_density=0.0, range_noise_std=0.3, bearing_noise_std=0.0342, radial_velocity_noise_std=0.1, latency_steps=0, dropout_probability=0.0, confidence_error=0.0",quality_monitor,trust_weighted_fusion,5_dynamic_trust_handoff,on,perfect (default),20,results/final/failure_envelope/envelope_low_P_D/
envelope_high_P_FA,42-61,4,0,normal,"P_D=1.0, P_FA=0.4, clutter_density=0.0, range_noise_std=0.3, bearing_noise_std=0.0342, radial_velocity_noise_std=0.1, latency_steps=0, dropout_probability=0.0, confidence_error=0.0",quality_monitor,trust_weighted_fusion,5_dynamic_trust_handoff,on,perfect (default),20,results/final/failure_envelope/envelope_high_P_FA/
envelope_high_clutter,42-61,4,0,normal,"P_D=1.0, P_FA=0.0, clutter_density=3.0, range_noise_std=0.3, bearing_noise_std=0.0342, radial_velocity_noise_std=0.1, latency_steps=0, dropout_probability=0.0, confidence_error=0.0",quality_monitor,trust_weighted_fusion,5_dynamic_trust_handoff,on,perfect (default),20,results/final/failure_envelope/envelope_high_clutter/
envelope_high_covariance,42-61,4,0,normal,"P_D=1.0, P_FA=0.0, clutter_density=0.0, range_noise_std=3.0, bearing_noise_std=0.0342, radial_velocity_noise_std=0.1, latency_steps=0, dropout_probability=0.0, confidence_error=0.0",quality_monitor,trust_weighted_fusion,5_dynamic_trust_handoff,on,perfect (default),20,results/final/failure_envelope/envelope_high_covariance/
envelope_high_calibration_error,42-61,4,0,normal,"P_D=1.0, P_FA=0.0, clutter_density=0.0, range_noise_std=0.3, bearing_noise_std=0.0342, radial_velocity_noise_std=0.1, latency_steps=0, dropout_probability=0.0, confidence_error=0.35",quality_monitor,trust_weighted_fusion,5_dynamic_trust_handoff,on,perfect (default),20,results/final/failure_envelope/envelope_high_calibration_error/
envelope_high_dropout,42-61,4,0,normal,"P_D=1.0, P_FA=0.0, clutter_density=0.0, range_noise_std=0.3, bearing_noise_std=0.0342, radial_velocity_noise_std=0.1, latency_steps=0, dropout_probability=0.4, confidence_error=0.0",quality_monitor,trust_weighted_fusion,5_dynamic_trust_handoff,on,perfect (default),20,results/final/failure_envelope/envelope_high_dropout/
combined__low_P_D__high_clutter,42-61,4,0,normal,"P_D=0.3, P_FA=0.3, clutter_density=2.0, range_noise_std=0.3, bearing_noise_std=0.0342, radial_velocity_noise_std=0.1, latency_steps=0, dropout_probability=0.0, confidence_error=0.0",quality_monitor,no_fusion,5_dynamic_trust_handoff,on,perfect (default),20,results/final/combined_fault/combined__low_P_D__high_clutter/
combined__radar_dropout__communication_loss,42-61,4,0,normal,"P_D=1.0, P_FA=0.0, clutter_density=0.0, range_noise_std=0.3, bearing_noise_std=0.0342, radial_velocity_noise_std=0.1, latency_steps=0, dropout_probability=0.25, confidence_error=0.0",quality_monitor,no_fusion,5_dynamic_trust_handoff,on,perfect (default),20,results/final/combined_fault/combined__radar_dropout__communication_loss/
combined__registration_error__overconfident_vision,42-61,4,0,normal,"P_D=1.0, P_FA=0.0, clutter_density=0.0, range_noise_std=0.3, bearing_noise_std=0.0342, radial_velocity_noise_std=0.1, latency_steps=0, dropout_probability=0.0, confidence_error=0.0",quality_monitor,no_fusion,5_dynamic_trust_handoff,on,perfect (default),20,results/final/combined_fault/combined__registration_error__overconfident_vision/
combined__radar_ghost_returns__target_crossing,42-61,4,2,normal,"P_D=1.0, P_FA=0.3, clutter_density=1.5, range_noise_std=0.3, bearing_noise_std=0.0342, radial_velocity_noise_std=0.1, latency_steps=0, dropout_probability=0.0, confidence_error=0.0",quality_monitor,no_fusion,5_dynamic_trust_handoff,on,perfect (default),20,results/final/combined_fault/combined__radar_ghost_returns__target_crossing/
combined__latency__rapidly_moving_obstacle,42-61,4,0,normal,"P_D=1.0, P_FA=0.0, clutter_density=0.0, range_noise_std=0.3, bearing_noise_std=0.0342, radial_velocity_noise_std=0.1, latency_steps=8, dropout_probability=0.0, confidence_error=0.0",quality_monitor,no_fusion,5_dynamic_trust_handoff,on,perfect (default),20,results/final/combined_fault/combined__latency__rapidly_moving_obstacle/
combined__sensor_failure__centralized_fusion_unavailable,42-61,4,0,normal,"P_D=1.0, P_FA=0.0, clutter_density=0.0, range_noise_std=0.3, bearing_noise_std=0.0342, radial_velocity_noise_std=0.1, latency_steps=0, dropout_probability=0.0, confidence_error=0.0",quality_monitor,no_fusion,5_dynamic_trust_handoff,on,perfect (default),20,results/final/combined_fault/combined__sensor_failure__centralized_fusion_unavailable/
combined__corrupted_confidence__packet_delay,42-61,4,0,normal,"P_D=1.0, P_FA=0.0, clutter_density=0.0, range_noise_std=0.3, bearing_noise_std=0.0342, radial_velocity_noise_std=0.1, latency_steps=0, dropout_probability=0.0, confidence_error=0.35",quality_monitor,no_fusion,5_dynamic_trust_handoff,on,perfect (default),20,results/final/combined_fault/combined__corrupted_confidence__packet_delay/
combined__two_faulty_UAV_perception_sources,42-61,4,0,normal,"P_D=1.0, P_FA=0.0, clutter_density=0.0, range_noise_std=0.3, bearing_noise_std=0.0342, radial_velocity_noise_std=0.1, latency_steps=0, dropout_probability=0.0, confidence_error=0.0",quality_monitor,no_fusion,5_dynamic_trust_handoff,on,perfect (default),20,results/final/combined_fault/combined__two_faulty_UAV_perception_sources/
scalability__3_uavs,42-61,3,0,normal,"P_D=1.0, P_FA=0.0, clutter_density=0.0, range_noise_std=0.3, bearing_noise_std=0.0342, radial_velocity_noise_std=0.1, latency_steps=0, dropout_probability=0.0, confidence_error=0.0",quality_monitor,trust_weighted_fusion,5_dynamic_trust_handoff,on,perfect (default),20,results/final/scalability/scalability__3_uavs/
scalability__5_uavs,42-61,5,0,normal,"P_D=1.0, P_FA=0.0, clutter_density=0.0, range_noise_std=0.3, bearing_noise_std=0.0342, radial_velocity_noise_std=0.1, latency_steps=0, dropout_probability=0.0, confidence_error=0.0",quality_monitor,trust_weighted_fusion,5_dynamic_trust_handoff,on,perfect (default),20,results/final/scalability/scalability__5_uavs/
scalability__10_uavs,42-61,10,0,normal,"P_D=1.0, P_FA=0.0, clutter_density=0.0, range_noise_std=0.3, bearing_noise_std=0.0342, radial_velocity_noise_std=0.1, latency_steps=0, dropout_probability=0.0, confidence_error=0.0",quality_monitor,trust_weighted_fusion,5_dynamic_trust_handoff,on,perfect (default),20,results/final/scalability/scalability__10_uavs/
scalability__20_uavs,42-61,20,0,normal,"P_D=1.0, P_FA=0.0, clutter_density=0.0, range_noise_std=0.3, bearing_noise_std=0.0342, radial_velocity_noise_std=0.1, latency_steps=0, dropout_probability=0.0, confidence_error=0.0",quality_monitor,trust_weighted_fusion,5_dynamic_trust_handoff,on,perfect (default),20,results/final/scalability/scalability__20_uavs/
